=== Validation Report ===
/home/runner/work/spid-registry-repo/spid-registry-repo/scripts/validate_metadata_qad.py:84: CryptographyDeprecationWarning: Properties that return a naïve datetime object have been deprecated. Please switch to not_valid_after_utc.
  expiry = cert.not_valid_after.replace(tzinfo=timezone.utc)
[WARN] xmlsec1 non trovato, skip firma
--- ERRORI in metadata/02391510266.xml ---
[1.5.2] OrgName deve avere almeno 'it' e 'en' ❌
[1.5.5] OrgDisplayName deve avere almeno 'it' e 'en' ❌
[1.5.8] OrgURL deve avere almeno 'it' e 'en' ❌
/home/runner/work/spid-registry-repo/spid-registry-repo/scripts/validate_metadata_qad.py:84: CryptographyDeprecationWarning: Properties that return a naïve datetime object have been deprecated. Please switch to not_valid_after_utc.
  expiry = cert.not_valid_after.replace(tzinfo=timezone.utc)
[WARN] xmlsec1 non trovato, skip firma
✅ metadata/40B59AWR.xml valido secondo QAD
/home/runner/work/spid-registry-repo/spid-registry-repo/scripts/validate_metadata_qad.py:84: CryptographyDeprecationWarning: Properties that return a naïve datetime object have been deprecated. Please switch to not_valid_after_utc.
  expiry = cert.not_valid_after.replace(tzinfo=timezone.utc)
[WARN] xmlsec1 non trovato, skip firma
--- ERRORI in metadata/80PEQJBS__03393760719.xml ---
[1.5.2] OrgName deve avere almeno 'it' e 'en' ❌
[1.5.5] OrgDisplayName deve avere almeno 'it' e 'en' ❌
[1.5.8] OrgURL deve avere almeno 'it' e 'en' ❌
/home/runner/work/spid-registry-repo/spid-registry-repo/scripts/validate_metadata_qad.py:84: CryptographyDeprecationWarning: Properties that return a naïve datetime object have been deprecated. Please switch to not_valid_after_utc.
  expiry = cert.not_valid_after.replace(tzinfo=timezone.utc)
[WARN] xmlsec1 non trovato, skip firma
--- ERRORI in metadata/ADSURCA__IT01727860221.xml ---
[1.5.2] OrgName deve avere almeno 'it' e 'en' ❌
[1.5.5] OrgDisplayName deve avere almeno 'it' e 'en' ❌
[1.5.8] OrgURL deve avere almeno 'it' e 'en' ❌
/home/runner/work/spid-registry-repo/spid-registry-repo/scripts/validate_metadata_qad.py:84: CryptographyDeprecationWarning: Properties that return a naïve datetime object have been deprecated. Please switch to not_valid_after_utc.
  expiry = cert.not_valid_after.replace(tzinfo=timezone.utc)
[WARN] xmlsec1 non trovato, skip firma
--- ERRORI in metadata/CRS4S59N__00838520880.xml ---
[1.5.2] OrgName deve avere almeno 'it' e 'en' ❌
[1.5.5] OrgDisplayName deve avere almeno 'it' e 'en' ❌
[1.5.8] OrgURL deve avere almeno 'it' e 'en' ❌
/home/runner/work/spid-registry-repo/spid-registry-repo/scripts/validate_metadata_qad.py:84: CryptographyDeprecationWarning: Properties that return a naïve datetime object have been deprecated. Please switch to not_valid_after_utc.
  expiry = cert.not_valid_after.replace(tzinfo=timezone.utc)
[WARN] xmlsec1 non trovato, skip firma
✅ metadata/C_A703.xml valido secondo QAD
/home/runner/work/spid-registry-repo/spid-registry-repo/scripts/validate_metadata_qad.py:84: CryptographyDeprecationWarning: Properties that return a naïve datetime object have been deprecated. Please switch to not_valid_after_utc.
  expiry = cert.not_valid_after.replace(tzinfo=timezone.utc)
[WARN] xmlsec1 non trovato, skip firma
--- ERRORI in metadata/C_A703__01818301200.xml ---
[1.5.2] OrgName deve avere almeno 'it' e 'en' ❌
[1.5.5] OrgDisplayName deve avere almeno 'it' e 'en' ❌
[1.5.8] OrgURL deve avere almeno 'it' e 'en' ❌
/home/runner/work/spid-registry-repo/spid-registry-repo/scripts/validate_metadata_qad.py:84: CryptographyDeprecationWarning: Properties that return a naïve datetime object have been deprecated. Please switch to not_valid_after_utc.
  expiry = cert.not_valid_after.replace(tzinfo=timezone.utc)
[WARN] xmlsec1 non trovato, skip firma
--- ERRORI in metadata/C_C078.xml ---
[1.5.2] OrgName deve avere almeno 'it' e 'en' ❌
[1.5.5] OrgDisplayName deve avere almeno 'it' e 'en' ❌
[1.5.8] OrgURL deve avere almeno 'it' e 'en' ❌
/home/runner/work/spid-registry-repo/spid-registry-repo/scripts/validate_metadata_qad.py:84: CryptographyDeprecationWarning: Properties that return a naïve datetime object have been deprecated. Please switch to not_valid_after_utc.
  expiry = cert.not_valid_after.replace(tzinfo=timezone.utc)
[WARN] xmlsec1 non trovato, skip firma
--- ERRORI in metadata/C_C732__06423240727.xml ---
[1.5.2] OrgName deve avere almeno 'it' e 'en' ❌
[1.5.5] OrgDisplayName deve avere almeno 'it' e 'en' ❌
[1.5.8] OrgURL deve avere almeno 'it' e 'en' ❌
/home/runner/work/spid-registry-repo/spid-registry-repo/scripts/validate_metadata_qad.py:84: CryptographyDeprecationWarning: Properties that return a naïve datetime object have been deprecated. Please switch to not_valid_after_utc.
  expiry = cert.not_valid_after.replace(tzinfo=timezone.utc)
[WARN] xmlsec1 non trovato, skip firma
--- ERRORI in metadata/C_C732__IT06423240727.xml ---
[1.5.2] OrgName deve avere almeno 'it' e 'en' ❌
[1.5.5] OrgDisplayName deve avere almeno 'it' e 'en' ❌
[1.5.8] OrgURL deve avere almeno 'it' e 'en' ❌
/home/runner/work/spid-registry-repo/spid-registry-repo/scripts/validate_metadata_qad.py:84: CryptographyDeprecationWarning: Properties that return a naïve datetime object have been deprecated. Please switch to not_valid_after_utc.
  expiry = cert.not_valid_after.replace(tzinfo=timezone.utc)
[WARN] xmlsec1 non trovato, skip firma
--- ERRORI in metadata/C_C938__02066400405.xml ---
[1.5.2] OrgName deve avere almeno 'it' e 'en' ❌
[1.5.5] OrgDisplayName deve avere almeno 'it' e 'en' ❌
[1.5.8] OrgURL deve avere almeno 'it' e 'en' ❌
/home/runner/work/spid-registry-repo/spid-registry-repo/scripts/validate_metadata_qad.py:84: CryptographyDeprecationWarning: Properties that return a naïve datetime object have been deprecated. Please switch to not_valid_after_utc.
  expiry = cert.not_valid_after.replace(tzinfo=timezone.utc)
[WARN] xmlsec1 non trovato, skip firma
--- ERRORI in metadata/C_D027__06423240727.xml ---
[1.5.2] OrgName deve avere almeno 'it' e 'en' ❌
[1.5.5] OrgDisplayName deve avere almeno 'it' e 'en' ❌
[1.5.8] OrgURL deve avere almeno 'it' e 'en' ❌
/home/runner/work/spid-registry-repo/spid-registry-repo/scripts/validate_metadata_qad.py:84: CryptographyDeprecationWarning: Properties that return a naïve datetime object have been deprecated. Please switch to not_valid_after_utc.
  expiry = cert.not_valid_after.replace(tzinfo=timezone.utc)
[WARN] xmlsec1 non trovato, skip firma
--- ERRORI in metadata/C_D027__IT06423240727.xml ---
[1.5.2] OrgName deve avere almeno 'it' e 'en' ❌
[1.5.5] OrgDisplayName deve avere almeno 'it' e 'en' ❌
[1.5.8] OrgURL deve avere almeno 'it' e 'en' ❌
/home/runner/work/spid-registry-repo/spid-registry-repo/scripts/validate_metadata_qad.py:84: CryptographyDeprecationWarning: Properties that return a naïve datetime object have been deprecated. Please switch to not_valid_after_utc.
  expiry = cert.not_valid_after.replace(tzinfo=timezone.utc)
[WARN] xmlsec1 non trovato, skip firma
--- ERRORI in metadata/C_E425__06423240727.xml ---
[1.5.2] OrgName deve avere almeno 'it' e 'en' ❌
[1.5.5] OrgDisplayName deve avere almeno 'it' e 'en' ❌
[1.5.8] OrgURL deve avere almeno 'it' e 'en' ❌
/home/runner/work/spid-registry-repo/spid-registry-repo/scripts/validate_metadata_qad.py:84: CryptographyDeprecationWarning: Properties that return a naïve datetime object have been deprecated. Please switch to not_valid_after_utc.
  expiry = cert.not_valid_after.replace(tzinfo=timezone.utc)
[WARN] xmlsec1 non trovato, skip firma
--- ERRORI in metadata/C_E425__IT06423240727.xml ---
[1.5.2] OrgName deve avere almeno 'it' e 'en' ❌
[1.5.5] OrgDisplayName deve avere almeno 'it' e 'en' ❌
[1.5.8] OrgURL deve avere almeno 'it' e 'en' ❌
/home/runner/work/spid-registry-repo/spid-registry-repo/scripts/validate_metadata_qad.py:84: CryptographyDeprecationWarning: Properties that return a naïve datetime object have been deprecated. Please switch to not_valid_after_utc.
  expiry = cert.not_valid_after.replace(tzinfo=timezone.utc)
[WARN] xmlsec1 non trovato, skip firma
--- ERRORI in metadata/C_E597__03393760719.xml ---
[1.5.2] OrgName deve avere almeno 'it' e 'en' ❌
[1.5.5] OrgDisplayName deve avere almeno 'it' e 'en' ❌
[1.5.8] OrgURL deve avere almeno 'it' e 'en' ❌
/home/runner/work/spid-registry-repo/spid-registry-repo/scripts/validate_metadata_qad.py:84: CryptographyDeprecationWarning: Properties that return a naïve datetime object have been deprecated. Please switch to not_valid_after_utc.
  expiry = cert.not_valid_after.replace(tzinfo=timezone.utc)
[WARN] xmlsec1 non trovato, skip firma
--- ERRORI in metadata/C_I690__06423240727.xml ---
[1.5.2] OrgName deve avere almeno 'it' e 'en' ❌
[1.5.5] OrgDisplayName deve avere almeno 'it' e 'en' ❌
[1.5.8] OrgURL deve avere almeno 'it' e 'en' ❌
/home/runner/work/spid-registry-repo/spid-registry-repo/scripts/validate_metadata_qad.py:84: CryptographyDeprecationWarning: Properties that return a naïve datetime object have been deprecated. Please switch to not_valid_after_utc.
  expiry = cert.not_valid_after.replace(tzinfo=timezone.utc)
[WARN] xmlsec1 non trovato, skip firma
--- ERRORI in metadata/C_I690__IT06423240727.xml ---
[1.5.2] OrgName deve avere almeno 'it' e 'en' ❌
[1.5.5] OrgDisplayName deve avere almeno 'it' e 'en' ❌
[1.5.8] OrgURL deve avere almeno 'it' e 'en' ❌
/home/runner/work/spid-registry-repo/spid-registry-repo/scripts/validate_metadata_qad.py:84: CryptographyDeprecationWarning: Properties that return a naïve datetime object have been deprecated. Please switch to not_valid_after_utc.
  expiry = cert.not_valid_after.replace(tzinfo=timezone.utc)
[WARN] xmlsec1 non trovato, skip firma
--- ERRORI in metadata/C_I998.xml ---
[1.5.2] OrgName deve avere almeno 'it' e 'en' ❌
[1.5.5] OrgDisplayName deve avere almeno 'it' e 'en' ❌
[1.5.8] OrgURL deve avere almeno 'it' e 'en' ❌
/home/runner/work/spid-registry-repo/spid-registry-repo/scripts/validate_metadata_qad.py:84: CryptographyDeprecationWarning: Properties that return a naïve datetime object have been deprecated. Please switch to not_valid_after_utc.
  expiry = cert.not_valid_after.replace(tzinfo=timezone.utc)
[WARN] xmlsec1 non trovato, skip firma
--- ERRORI in metadata/C_i113.xml ---
[1.5.2] OrgName deve avere almeno 'it' e 'en' ❌
[1.5.5] OrgDisplayName deve avere almeno 'it' e 'en' ❌
[1.5.8] OrgURL deve avere almeno 'it' e 'en' ❌
/home/runner/work/spid-registry-repo/spid-registry-repo/scripts/validate_metadata_qad.py:84: CryptographyDeprecationWarning: Properties that return a naïve datetime object have been deprecated. Please switch to not_valid_after_utc.
  expiry = cert.not_valid_after.replace(tzinfo=timezone.utc)
[WARN] xmlsec1 non trovato, skip firma
--- ERRORI in metadata/EG6JDU0D__03789750100.xml ---
[1.5.2] OrgName deve avere almeno 'it' e 'en' ❌
[1.5.5] OrgDisplayName deve avere almeno 'it' e 'en' ❌
[1.5.8] OrgURL deve avere almeno 'it' e 'en' ❌
[Cert 2] Certificato scaduto il 2025-01-30 14:27:22+00:00 ❌
/home/runner/work/spid-registry-repo/spid-registry-repo/scripts/validate_metadata_qad.py:84: CryptographyDeprecationWarning: Properties that return a naïve datetime object have been deprecated. Please switch to not_valid_after_utc.
  expiry = cert.not_valid_after.replace(tzinfo=timezone.utc)
[WARN] xmlsec1 non trovato, skip firma
--- ERRORI in metadata/F3BP8FZZ__03393760719.xml ---
[1.5.2] OrgName deve avere almeno 'it' e 'en' ❌
[1.5.5] OrgDisplayName deve avere almeno 'it' e 'en' ❌
[1.5.8] OrgURL deve avere almeno 'it' e 'en' ❌
/home/runner/work/spid-registry-repo/spid-registry-repo/scripts/validate_metadata_qad.py:84: CryptographyDeprecationWarning: Properties that return a naïve datetime object have been deprecated. Please switch to not_valid_after_utc.
  expiry = cert.not_valid_after.replace(tzinfo=timezone.utc)
[WARN] xmlsec1 non trovato, skip firma
--- ERRORI in metadata/GS1HOSQS__02818030369.xml ---
[1.5.2] OrgName deve avere almeno 'it' e 'en' ❌
[1.5.5] OrgDisplayName deve avere almeno 'it' e 'en' ❌
[1.5.8] OrgURL deve avere almeno 'it' e 'en' ❌
/home/runner/work/spid-registry-repo/spid-registry-repo/scripts/validate_metadata_qad.py:84: CryptographyDeprecationWarning: Properties that return a naïve datetime object have been deprecated. Please switch to not_valid_after_utc.
  expiry = cert.not_valid_after.replace(tzinfo=timezone.utc)
[WARN] xmlsec1 non trovato, skip firma
--- ERRORI in metadata/ICGI.xml ---
[1.5.2] OrgName deve avere almeno 'it' e 'en' ❌
[1.5.5] OrgDisplayName deve avere almeno 'it' e 'en' ❌
[1.5.8] OrgURL deve avere almeno 'it' e 'en' ❌
/home/runner/work/spid-registry-repo/spid-registry-repo/scripts/validate_metadata_qad.py:84: CryptographyDeprecationWarning: Properties that return a naïve datetime object have been deprecated. Please switch to not_valid_after_utc.
  expiry = cert.not_valid_after.replace(tzinfo=timezone.utc)
[WARN] xmlsec1 non trovato, skip firma
✅ metadata/IT01879020517.xml valido secondo QAD
/home/runner/work/spid-registry-repo/spid-registry-repo/scripts/validate_metadata_qad.py:84: CryptographyDeprecationWarning: Properties that return a naïve datetime object have been deprecated. Please switch to not_valid_after_utc.
  expiry = cert.not_valid_after.replace(tzinfo=timezone.utc)
[WARN] xmlsec1 non trovato, skip firma
--- ERRORI in metadata/IT03567980275.xml ---
[1.5.2] OrgName deve avere almeno 'it' e 'en' ❌
[1.5.5] OrgDisplayName deve avere almeno 'it' e 'en' ❌
[1.5.8] OrgURL deve avere almeno 'it' e 'en' ❌
/home/runner/work/spid-registry-repo/spid-registry-repo/scripts/validate_metadata_qad.py:84: CryptographyDeprecationWarning: Properties that return a naïve datetime object have been deprecated. Please switch to not_valid_after_utc.
  expiry = cert.not_valid_after.replace(tzinfo=timezone.utc)
[WARN] xmlsec1 non trovato, skip firma
✅ metadata/IT05262890014.xml valido secondo QAD
/home/runner/work/spid-registry-repo/spid-registry-repo/scripts/validate_metadata_qad.py:84: CryptographyDeprecationWarning: Properties that return a naïve datetime object have been deprecated. Please switch to not_valid_after_utc.
  expiry = cert.not_valid_after.replace(tzinfo=timezone.utc)
[WARN] xmlsec1 non trovato, skip firma
--- ERRORI in metadata/IT05355691006.xml ---
[1.5.2] OrgName deve avere almeno 'it' e 'en' ❌
[1.5.5] OrgDisplayName deve avere almeno 'it' e 'en' ❌
[1.5.8] OrgURL deve avere almeno 'it' e 'en' ❌
[Cert 2] Errore parsing certificato: error parsing asn1 value: ParseError { kind: UnexpectedTag { actual: Tag { value: 13, constructed: true, class: Universal } } }
[Cert 3] Errore parsing certificato: error parsing asn1 value: ParseError { kind: UnexpectedTag { actual: Tag { value: 13, constructed: true, class: Universal } } }
/home/runner/work/spid-registry-repo/spid-registry-repo/scripts/validate_metadata_qad.py:84: CryptographyDeprecationWarning: Properties that return a naïve datetime object have been deprecated. Please switch to not_valid_after_utc.
  expiry = cert.not_valid_after.replace(tzinfo=timezone.utc)
[WARN] xmlsec1 non trovato, skip firma
--- ERRORI in metadata/IT05400871215.xml ---
[1.5.2] OrgName deve avere almeno 'it' e 'en' ❌
[1.5.5] OrgDisplayName deve avere almeno 'it' e 'en' ❌
[1.5.8] OrgURL deve avere almeno 'it' e 'en' ❌
/home/runner/work/spid-registry-repo/spid-registry-repo/scripts/validate_metadata_qad.py:84: CryptographyDeprecationWarning: Properties that return a naïve datetime object have been deprecated. Please switch to not_valid_after_utc.
  expiry = cert.not_valid_after.replace(tzinfo=timezone.utc)
[WARN] xmlsec1 non trovato, skip firma
--- ERRORI in metadata/IT09150670967.xml ---
[1.5.2] OrgName deve avere almeno 'it' e 'en' ❌
[1.5.5] OrgDisplayName deve avere almeno 'it' e 'en' ❌
[1.5.8] OrgURL deve avere almeno 'it' e 'en' ❌
/home/runner/work/spid-registry-repo/spid-registry-repo/scripts/validate_metadata_qad.py:84: CryptographyDeprecationWarning: Properties that return a naïve datetime object have been deprecated. Please switch to not_valid_after_utc.
  expiry = cert.not_valid_after.replace(tzinfo=timezone.utc)
[WARN] xmlsec1 non trovato, skip firma
--- ERRORI in metadata/IT09293740966.xml ---
[1.5.2] OrgName deve avere almeno 'it' e 'en' ❌
[1.5.5] OrgDisplayName deve avere almeno 'it' e 'en' ❌
[1.5.8] OrgURL deve avere almeno 'it' e 'en' ❌
/home/runner/work/spid-registry-repo/spid-registry-repo/scripts/validate_metadata_qad.py:84: CryptographyDeprecationWarning: Properties that return a naïve datetime object have been deprecated. Please switch to not_valid_after_utc.
  expiry = cert.not_valid_after.replace(tzinfo=timezone.utc)
[WARN] xmlsec1 non trovato, skip firma
--- ERRORI in metadata/IT11366540968.xml ---
[1.5.2] OrgName deve avere almeno 'it' e 'en' ❌
[1.5.5] OrgDisplayName deve avere almeno 'it' e 'en' ❌
[1.5.8] OrgURL deve avere almeno 'it' e 'en' ❌
/home/runner/work/spid-registry-repo/spid-registry-repo/scripts/validate_metadata_qad.py:84: CryptographyDeprecationWarning: Properties that return a naïve datetime object have been deprecated. Please switch to not_valid_after_utc.
  expiry = cert.not_valid_after.replace(tzinfo=timezone.utc)
[WARN] xmlsec1 non trovato, skip firma
--- ERRORI in metadata/IT12281740154.xml ---
[1.5.2] OrgName deve avere almeno 'it' e 'en' ❌
[1.5.5] OrgDisplayName deve avere almeno 'it' e 'en' ❌
[1.5.8] OrgURL deve avere almeno 'it' e 'en' ❌
/home/runner/work/spid-registry-repo/spid-registry-repo/scripts/validate_metadata_qad.py:84: CryptographyDeprecationWarning: Properties that return a naïve datetime object have been deprecated. Please switch to not_valid_after_utc.
  expiry = cert.not_valid_after.replace(tzinfo=timezone.utc)
[WARN] xmlsec1 non trovato, skip firma
--- ERRORI in metadata/OZA4EXKG__03393760719.xml ---
[1.5.2] OrgName deve avere almeno 'it' e 'en' ❌
[1.5.5] OrgDisplayName deve avere almeno 'it' e 'en' ❌
[1.5.8] OrgURL deve avere almeno 'it' e 'en' ❌
/home/runner/work/spid-registry-repo/spid-registry-repo/scripts/validate_metadata_qad.py:84: CryptographyDeprecationWarning: Properties that return a naïve datetime object have been deprecated. Please switch to not_valid_after_utc.
  expiry = cert.not_valid_after.replace(tzinfo=timezone.utc)
[WARN] xmlsec1 non trovato, skip firma
--- ERRORI in metadata/PCM_commissioneadozioni.xml ---
[1.5.2] OrgName deve avere almeno 'it' e 'en' ❌
[1.5.5] OrgDisplayName deve avere almeno 'it' e 'en' ❌
[1.5.8] OrgURL deve avere almeno 'it' e 'en' ❌
/home/runner/work/spid-registry-repo/spid-registry-repo/scripts/validate_metadata_qad.py:84: CryptographyDeprecationWarning: Properties that return a naïve datetime object have been deprecated. Please switch to not_valid_after_utc.
  expiry = cert.not_valid_after.replace(tzinfo=timezone.utc)
[WARN] xmlsec1 non trovato, skip firma
--- ERRORI in metadata/UC_ADGUA__02066400405.xml ---
[1.5.2] OrgName deve avere almeno 'it' e 'en' ❌
[1.5.5] OrgDisplayName deve avere almeno 'it' e 'en' ❌
[1.5.8] OrgURL deve avere almeno 'it' e 'en' ❌
/home/runner/work/spid-registry-repo/spid-registry-repo/scripts/validate_metadata_qad.py:84: CryptographyDeprecationWarning: Properties that return a naïve datetime object have been deprecated. Please switch to not_valid_after_utc.
  expiry = cert.not_valid_after.replace(tzinfo=timezone.utc)
[WARN] xmlsec1 non trovato, skip firma
--- ERRORI in metadata/UF4M5X__03393760719.xml ---
[1.5.2] OrgName deve avere almeno 'it' e 'en' ❌
[1.5.5] OrgDisplayName deve avere almeno 'it' e 'en' ❌
[1.5.8] OrgURL deve avere almeno 'it' e 'en' ❌
/home/runner/work/spid-registry-repo/spid-registry-repo/scripts/validate_metadata_qad.py:84: CryptographyDeprecationWarning: Properties that return a naïve datetime object have been deprecated. Please switch to not_valid_after_utc.
  expiry = cert.not_valid_after.replace(tzinfo=timezone.utc)
[WARN] xmlsec1 non trovato, skip firma
--- ERRORI in metadata/UFGHC8__03393760719.xml ---
[1.5.2] OrgName deve avere almeno 'it' e 'en' ❌
[1.5.5] OrgDisplayName deve avere almeno 'it' e 'en' ❌
[1.5.8] OrgURL deve avere almeno 'it' e 'en' ❌
/home/runner/work/spid-registry-repo/spid-registry-repo/scripts/validate_metadata_qad.py:84: CryptographyDeprecationWarning: Properties that return a naïve datetime object have been deprecated. Please switch to not_valid_after_utc.
  expiry = cert.not_valid_after.replace(tzinfo=timezone.utc)
[WARN] xmlsec1 non trovato, skip firma
--- ERRORI in metadata/UNSTU_MC.xml ---
[1.5.2] OrgName deve avere almeno 'it' e 'en' ❌
[1.5.5] OrgDisplayName deve avere almeno 'it' e 'en' ❌
[1.5.8] OrgURL deve avere almeno 'it' e 'en' ❌
/home/runner/work/spid-registry-repo/spid-registry-repo/scripts/validate_metadata_qad.py:84: CryptographyDeprecationWarning: Properties that return a naïve datetime object have been deprecated. Please switch to not_valid_after_utc.
  expiry = cert.not_valid_after.replace(tzinfo=timezone.utc)
[WARN] xmlsec1 non trovato, skip firma
--- ERRORI in metadata/WCOAL29S__03393760719.xml ---
[1.5.2] OrgName deve avere almeno 'it' e 'en' ❌
[1.5.5] OrgDisplayName deve avere almeno 'it' e 'en' ❌
[1.5.8] OrgURL deve avere almeno 'it' e 'en' ❌
/home/runner/work/spid-registry-repo/spid-registry-repo/scripts/validate_metadata_qad.py:84: CryptographyDeprecationWarning: Properties that return a naïve datetime object have been deprecated. Please switch to not_valid_after_utc.
  expiry = cert.not_valid_after.replace(tzinfo=timezone.utc)
[WARN] xmlsec1 non trovato, skip firma
--- ERRORI in metadata/WRM2NIJ6__03393760719.xml ---
[1.5.2] OrgName deve avere almeno 'it' e 'en' ❌
[1.5.5] OrgDisplayName deve avere almeno 'it' e 'en' ❌
[1.5.8] OrgURL deve avere almeno 'it' e 'en' ❌
/home/runner/work/spid-registry-repo/spid-registry-repo/scripts/validate_metadata_qad.py:84: CryptographyDeprecationWarning: Properties that return a naïve datetime object have been deprecated. Please switch to not_valid_after_utc.
  expiry = cert.not_valid_after.replace(tzinfo=timezone.utc)
[WARN] xmlsec1 non trovato, skip firma
--- ERRORI in metadata/a_cb__03393760719.xml ---
[1.5.2] OrgName deve avere almeno 'it' e 'en' ❌
[1.5.5] OrgDisplayName deve avere almeno 'it' e 'en' ❌
[1.5.8] OrgURL deve avere almeno 'it' e 'en' ❌
/home/runner/work/spid-registry-repo/spid-registry-repo/scripts/validate_metadata_qad.py:84: CryptographyDeprecationWarning: Properties that return a naïve datetime object have been deprecated. Please switch to not_valid_after_utc.
  expiry = cert.not_valid_after.replace(tzinfo=timezone.utc)
[WARN] xmlsec1 non trovato, skip firma
--- ERRORI in metadata/aba_090__03393760719.xml ---
[1.5.2] OrgName deve avere almeno 'it' e 'en' ❌
[1.5.5] OrgDisplayName deve avere almeno 'it' e 'en' ❌
[1.5.8] OrgURL deve avere almeno 'it' e 'en' ❌
/home/runner/work/spid-registry-repo/spid-registry-repo/scripts/validate_metadata_qad.py:84: CryptographyDeprecationWarning: Properties that return a naïve datetime object have been deprecated. Please switch to not_valid_after_utc.
  expiry = cert.not_valid_after.replace(tzinfo=timezone.utc)
[WARN] xmlsec1 non trovato, skip firma
--- ERRORI in metadata/abl_097__03789750100.xml ---
[1.5.2] OrgName deve avere almeno 'it' e 'en' ❌
[1.5.5] OrgDisplayName deve avere almeno 'it' e 'en' ❌
[1.5.8] OrgURL deve avere almeno 'it' e 'en' ❌
[Cert 2] Certificato scaduto il 2025-01-31 13:24:01+00:00 ❌
/home/runner/work/spid-registry-repo/spid-registry-repo/scripts/validate_metadata_qad.py:84: CryptographyDeprecationWarning: Properties that return a naïve datetime object have been deprecated. Please switch to not_valid_after_utc.
  expiry = cert.not_valid_after.replace(tzinfo=timezone.utc)
[WARN] xmlsec1 non trovato, skip firma
--- ERRORI in metadata/aclerrs.xml ---
[1.5.2] OrgName deve avere almeno 'it' e 'en' ❌
[1.5.5] OrgDisplayName deve avere almeno 'it' e 'en' ❌
[1.5.8] OrgURL deve avere almeno 'it' e 'en' ❌
/home/runner/work/spid-registry-repo/spid-registry-repo/scripts/validate_metadata_qad.py:84: CryptographyDeprecationWarning: Properties that return a naïve datetime object have been deprecated. Please switch to not_valid_after_utc.
  expiry = cert.not_valid_after.replace(tzinfo=timezone.utc)
[WARN] xmlsec1 non trovato, skip firma
--- ERRORI in metadata/agid_suap.xml ---
[1.5.2] OrgName deve avere almeno 'it' e 'en' ❌
[1.5.5] OrgDisplayName deve avere almeno 'it' e 'en' ❌
[1.5.8] OrgURL deve avere almeno 'it' e 'en' ❌
/home/runner/work/spid-registry-repo/spid-registry-repo/scripts/validate_metadata_qad.py:84: CryptographyDeprecationWarning: Properties that return a naïve datetime object have been deprecated. Please switch to not_valid_after_utc.
  expiry = cert.not_valid_after.replace(tzinfo=timezone.utc)
[WARN] xmlsec1 non trovato, skip firma
--- ERRORI in metadata/aifa_rm.xml ---
[1.5.2] OrgName deve avere almeno 'it' e 'en' ❌
[1.5.5] OrgDisplayName deve avere almeno 'it' e 'en' ❌
[1.5.8] OrgURL deve avere almeno 'it' e 'en' ❌
[Cert 1] Certificato scaduto il 2022-06-04 13:38:19+00:00 ❌
[Cert 2] Certificato scaduto il 2022-06-04 13:38:19+00:00 ❌
/home/runner/work/spid-registry-repo/spid-registry-repo/scripts/validate_metadata_qad.py:84: CryptographyDeprecationWarning: Properties that return a naïve datetime object have been deprecated. Please switch to not_valid_after_utc.
  expiry = cert.not_valid_after.replace(tzinfo=timezone.utc)
[WARN] xmlsec1 non trovato, skip firma
--- ERRORI in metadata/asl_fg.xml ---
[1.5.2] OrgName deve avere almeno 'it' e 'en' ❌
[1.5.5] OrgDisplayName deve avere almeno 'it' e 'en' ❌
[1.5.8] OrgURL deve avere almeno 'it' e 'en' ❌
/home/runner/work/spid-registry-repo/spid-registry-repo/scripts/validate_metadata_qad.py:84: CryptographyDeprecationWarning: Properties that return a naïve datetime object have been deprecated. Please switch to not_valid_after_utc.
  expiry = cert.not_valid_after.replace(tzinfo=timezone.utc)
[WARN] xmlsec1 non trovato, skip firma
--- ERRORI in metadata/asms_ar__IT01727860221.xml ---
[1.5.2] OrgName deve avere almeno 'it' e 'en' ❌
[1.5.5] OrgDisplayName deve avere almeno 'it' e 'en' ❌
[1.5.8] OrgURL deve avere almeno 'it' e 'en' ❌
/home/runner/work/spid-registry-repo/spid-registry-repo/scripts/validate_metadata_qad.py:84: CryptographyDeprecationWarning: Properties that return a naïve datetime object have been deprecated. Please switch to not_valid_after_utc.
  expiry = cert.not_valid_after.replace(tzinfo=timezone.utc)
[WARN] xmlsec1 non trovato, skip firma
--- ERRORI in metadata/aspan.xml ---
[1.5.2] OrgName deve avere almeno 'it' e 'en' ❌
[1.5.5] OrgDisplayName deve avere almeno 'it' e 'en' ❌
[1.5.8] OrgURL deve avere almeno 'it' e 'en' ❌
[Cert 1] Certificato scaduto il 2021-11-20 09:45:57+00:00 ❌
[Cert 2] Certificato scaduto il 2021-11-20 09:45:57+00:00 ❌
/home/runner/work/spid-registry-repo/spid-registry-repo/scripts/validate_metadata_qad.py:84: CryptographyDeprecationWarning: Properties that return a naïve datetime object have been deprecated. Please switch to not_valid_after_utc.
  expiry = cert.not_valid_after.replace(tzinfo=timezone.utc)
[WARN] xmlsec1 non trovato, skip firma
--- ERRORI in metadata/aspms.xml ---
[1.5.2] OrgName deve avere almeno 'it' e 'en' ❌
[1.5.5] OrgDisplayName deve avere almeno 'it' e 'en' ❌
[1.5.8] OrgURL deve avere almeno 'it' e 'en' ❌
/home/runner/work/spid-registry-repo/spid-registry-repo/scripts/validate_metadata_qad.py:84: CryptographyDeprecationWarning: Properties that return a naïve datetime object have been deprecated. Please switch to not_valid_after_utc.
  expiry = cert.not_valid_after.replace(tzinfo=timezone.utc)
[WARN] xmlsec1 non trovato, skip firma
--- ERRORI in metadata/asras.xml ---
[1.5.2] OrgName deve avere almeno 'it' e 'en' ❌
[1.5.5] OrgDisplayName deve avere almeno 'it' e 'en' ❌
[1.5.8] OrgURL deve avere almeno 'it' e 'en' ❌
/home/runner/work/spid-registry-repo/spid-registry-repo/scripts/validate_metadata_qad.py:84: CryptographyDeprecationWarning: Properties that return a naïve datetime object have been deprecated. Please switch to not_valid_after_utc.
  expiry = cert.not_valid_after.replace(tzinfo=timezone.utc)
[WARN] xmlsec1 non trovato, skip firma
--- ERRORI in metadata/asstlo.xml ---
[1.5.2] OrgName deve avere almeno 'it' e 'en' ❌
[1.5.5] OrgDisplayName deve avere almeno 'it' e 'en' ❌
[1.5.8] OrgURL deve avere almeno 'it' e 'en' ❌
/home/runner/work/spid-registry-repo/spid-registry-repo/scripts/validate_metadata_qad.py:84: CryptographyDeprecationWarning: Properties that return a naïve datetime object have been deprecated. Please switch to not_valid_after_utc.
  expiry = cert.not_valid_after.replace(tzinfo=timezone.utc)
[WARN] xmlsec1 non trovato, skip firma
--- ERRORI in metadata/ausl_pr__02066400405.xml ---
[1.5.2] OrgName deve avere almeno 'it' e 'en' ❌
[1.5.5] OrgDisplayName deve avere almeno 'it' e 'en' ❌
[1.5.8] OrgURL deve avere almeno 'it' e 'en' ❌
/home/runner/work/spid-registry-repo/spid-registry-repo/scripts/validate_metadata_qad.py:84: CryptographyDeprecationWarning: Properties that return a naïve datetime object have been deprecated. Please switch to not_valid_after_utc.
  expiry = cert.not_valid_after.replace(tzinfo=timezone.utc)
[WARN] xmlsec1 non trovato, skip firma
--- ERRORI in metadata/c_B306__03393760719.xml ---
[1.5.2] OrgName deve avere almeno 'it' e 'en' ❌
[1.5.5] OrgDisplayName deve avere almeno 'it' e 'en' ❌
[1.5.8] OrgURL deve avere almeno 'it' e 'en' ❌
/home/runner/work/spid-registry-repo/spid-registry-repo/scripts/validate_metadata_qad.py:84: CryptographyDeprecationWarning: Properties that return a naïve datetime object have been deprecated. Please switch to not_valid_after_utc.
  expiry = cert.not_valid_after.replace(tzinfo=timezone.utc)
[WARN] xmlsec1 non trovato, skip firma
--- ERRORI in metadata/c_E074.xml ---
[1.5.2] OrgName deve avere almeno 'it' e 'en' ❌
[1.5.5] OrgDisplayName deve avere almeno 'it' e 'en' ❌
[1.5.8] OrgURL deve avere almeno 'it' e 'en' ❌
[Cert 1] Certificato scaduto il 2022-03-05 09:48:58+00:00 ❌
[Cert 2] Certificato scaduto il 2022-03-05 09:48:58+00:00 ❌
[WARN] xmlsec1 non trovato, skip firma
--- ERRORI in metadata/c_a045.xml ---
[1.5.2] OrgName deve avere almeno 'it' e 'en' ❌
[1.5.5] OrgDisplayName deve avere almeno 'it' e 'en' ❌
[1.5.8] OrgURL deve avere almeno 'it' e 'en' ❌
[Cert 1] Errore parsing certificato: error parsing asn1 value: ParseError { kind: InvalidValue, location: [2, 0, "AttributeTypeValue::value", "AttributeValue::PrintableString"] }
[Cert 2] Errore parsing certificato: error parsing asn1 value: ParseError { kind: InvalidValue, location: [2, 0, "AttributeTypeValue::value", "AttributeValue::PrintableString"] }
/home/runner/work/spid-registry-repo/spid-registry-repo/scripts/validate_metadata_qad.py:84: CryptographyDeprecationWarning: Properties that return a naïve datetime object have been deprecated. Please switch to not_valid_after_utc.
  expiry = cert.not_valid_after.replace(tzinfo=timezone.utc)
[WARN] xmlsec1 non trovato, skip firma
--- ERRORI in metadata/c_a052__03393760719.xml ---
[1.5.2] OrgName deve avere almeno 'it' e 'en' ❌
[1.5.5] OrgDisplayName deve avere almeno 'it' e 'en' ❌
[1.5.8] OrgURL deve avere almeno 'it' e 'en' ❌
/home/runner/work/spid-registry-repo/spid-registry-repo/scripts/validate_metadata_qad.py:84: CryptographyDeprecationWarning: Properties that return a naïve datetime object have been deprecated. Please switch to not_valid_after_utc.
  expiry = cert.not_valid_after.replace(tzinfo=timezone.utc)
[WARN] xmlsec1 non trovato, skip firma
--- ERRORI in metadata/c_a124__03393760719.xml ---
[1.5.2] OrgName deve avere almeno 'it' e 'en' ❌
[1.5.5] OrgDisplayName deve avere almeno 'it' e 'en' ❌
[1.5.8] OrgURL deve avere almeno 'it' e 'en' ❌
/home/runner/work/spid-registry-repo/spid-registry-repo/scripts/validate_metadata_qad.py:84: CryptographyDeprecationWarning: Properties that return a naïve datetime object have been deprecated. Please switch to not_valid_after_utc.
  expiry = cert.not_valid_after.replace(tzinfo=timezone.utc)
[WARN] xmlsec1 non trovato, skip firma
--- ERRORI in metadata/c_a162__01818301200.xml ---
[1.5.2] OrgName deve avere almeno 'it' e 'en' ❌
[1.5.5] OrgDisplayName deve avere almeno 'it' e 'en' ❌
[1.5.8] OrgURL deve avere almeno 'it' e 'en' ❌
/home/runner/work/spid-registry-repo/spid-registry-repo/scripts/validate_metadata_qad.py:84: CryptographyDeprecationWarning: Properties that return a naïve datetime object have been deprecated. Please switch to not_valid_after_utc.
  expiry = cert.not_valid_after.replace(tzinfo=timezone.utc)
[WARN] xmlsec1 non trovato, skip firma
--- ERRORI in metadata/c_a223__00873010961.xml ---
[1.5.2] OrgName deve avere almeno 'it' e 'en' ❌
[1.5.5] OrgDisplayName deve avere almeno 'it' e 'en' ❌
[1.5.8] OrgURL deve avere almeno 'it' e 'en' ❌
/home/runner/work/spid-registry-repo/spid-registry-repo/scripts/validate_metadata_qad.py:84: CryptographyDeprecationWarning: Properties that return a naïve datetime object have been deprecated. Please switch to not_valid_after_utc.
  expiry = cert.not_valid_after.replace(tzinfo=timezone.utc)
[WARN] xmlsec1 non trovato, skip firma
--- ERRORI in metadata/c_a234.xml ---
[1.5.2] OrgName deve avere almeno 'it' e 'en' ❌
[1.5.5] OrgDisplayName deve avere almeno 'it' e 'en' ❌
[1.5.8] OrgURL deve avere almeno 'it' e 'en' ❌
/home/runner/work/spid-registry-repo/spid-registry-repo/scripts/validate_metadata_qad.py:84: CryptographyDeprecationWarning: Properties that return a naïve datetime object have been deprecated. Please switch to not_valid_after_utc.
  expiry = cert.not_valid_after.replace(tzinfo=timezone.utc)
[WARN] xmlsec1 non trovato, skip firma
--- ERRORI in metadata/c_a240__01778000040.xml ---
[1.5.2] OrgName deve avere almeno 'it' e 'en' ❌
[1.5.5] OrgDisplayName deve avere almeno 'it' e 'en' ❌
[1.5.8] OrgURL deve avere almeno 'it' e 'en' ❌
/home/runner/work/spid-registry-repo/spid-registry-repo/scripts/validate_metadata_qad.py:84: CryptographyDeprecationWarning: Properties that return a naïve datetime object have been deprecated. Please switch to not_valid_after_utc.
  expiry = cert.not_valid_after.replace(tzinfo=timezone.utc)
[WARN] xmlsec1 non trovato, skip firma
--- ERRORI in metadata/c_a275__03393760719.xml ---
[1.5.2] OrgName deve avere almeno 'it' e 'en' ❌
[1.5.5] OrgDisplayName deve avere almeno 'it' e 'en' ❌
[1.5.8] OrgURL deve avere almeno 'it' e 'en' ❌
/home/runner/work/spid-registry-repo/spid-registry-repo/scripts/validate_metadata_qad.py:84: CryptographyDeprecationWarning: Properties that return a naïve datetime object have been deprecated. Please switch to not_valid_after_utc.
  expiry = cert.not_valid_after.replace(tzinfo=timezone.utc)
[WARN] xmlsec1 non trovato, skip firma
--- ERRORI in metadata/c_a326__02066400405.xml ---
[1.5.2] OrgName deve avere almeno 'it' e 'en' ❌
[1.5.5] OrgDisplayName deve avere almeno 'it' e 'en' ❌
[1.5.8] OrgURL deve avere almeno 'it' e 'en' ❌
/home/runner/work/spid-registry-repo/spid-registry-repo/scripts/validate_metadata_qad.py:84: CryptographyDeprecationWarning: Properties that return a naïve datetime object have been deprecated. Please switch to not_valid_after_utc.
  expiry = cert.not_valid_after.replace(tzinfo=timezone.utc)
[WARN] xmlsec1 non trovato, skip firma
--- ERRORI in metadata/c_a337__02066400405.xml ---
[1.5.2] OrgName deve avere almeno 'it' e 'en' ❌
[1.5.5] OrgDisplayName deve avere almeno 'it' e 'en' ❌
[1.5.8] OrgURL deve avere almeno 'it' e 'en' ❌
/home/runner/work/spid-registry-repo/spid-registry-repo/scripts/validate_metadata_qad.py:84: CryptographyDeprecationWarning: Properties that return a naïve datetime object have been deprecated. Please switch to not_valid_after_utc.
  expiry = cert.not_valid_after.replace(tzinfo=timezone.utc)
[WARN] xmlsec1 non trovato, skip firma
--- ERRORI in metadata/c_a339__03393760719.xml ---
[1.5.2] OrgName deve avere almeno 'it' e 'en' ❌
[1.5.5] OrgDisplayName deve avere almeno 'it' e 'en' ❌
[1.5.8] OrgURL deve avere almeno 'it' e 'en' ❌
/home/runner/work/spid-registry-repo/spid-registry-repo/scripts/validate_metadata_qad.py:84: CryptographyDeprecationWarning: Properties that return a naïve datetime object have been deprecated. Please switch to not_valid_after_utc.
  expiry = cert.not_valid_after.replace(tzinfo=timezone.utc)
[WARN] xmlsec1 non trovato, skip firma
✅ metadata/c_a345.xml valido secondo QAD
/home/runner/work/spid-registry-repo/spid-registry-repo/scripts/validate_metadata_qad.py:84: CryptographyDeprecationWarning: Properties that return a naïve datetime object have been deprecated. Please switch to not_valid_after_utc.
  expiry = cert.not_valid_after.replace(tzinfo=timezone.utc)
[WARN] xmlsec1 non trovato, skip firma
--- ERRORI in metadata/c_a468__03789750100.xml ---
[1.5.2] OrgName deve avere almeno 'it' e 'en' ❌
[1.5.5] OrgDisplayName deve avere almeno 'it' e 'en' ❌
[1.5.8] OrgURL deve avere almeno 'it' e 'en' ❌
[Cert 2] Certificato scaduto il 2025-11-21 10:50:45+00:00 ❌
/home/runner/work/spid-registry-repo/spid-registry-repo/scripts/validate_metadata_qad.py:84: CryptographyDeprecationWarning: Properties that return a naïve datetime object have been deprecated. Please switch to not_valid_after_utc.
  expiry = cert.not_valid_after.replace(tzinfo=timezone.utc)
[WARN] xmlsec1 non trovato, skip firma
--- ERRORI in metadata/c_a475__IT06423240727.xml ---
[1.5.2] OrgName deve avere almeno 'it' e 'en' ❌
[1.5.5] OrgDisplayName deve avere almeno 'it' e 'en' ❌
[1.5.8] OrgURL deve avere almeno 'it' e 'en' ❌
/home/runner/work/spid-registry-repo/spid-registry-repo/scripts/validate_metadata_qad.py:84: CryptographyDeprecationWarning: Properties that return a naïve datetime object have been deprecated. Please switch to not_valid_after_utc.
  expiry = cert.not_valid_after.replace(tzinfo=timezone.utc)
[WARN] xmlsec1 non trovato, skip firma
--- ERRORI in metadata/c_a479__02818030369.xml ---
[1.5.2] OrgName deve avere almeno 'it' e 'en' ❌
[1.5.5] OrgDisplayName deve avere almeno 'it' e 'en' ❌
[1.5.8] OrgURL deve avere almeno 'it' e 'en' ❌
/home/runner/work/spid-registry-repo/spid-registry-repo/scripts/validate_metadata_qad.py:84: CryptographyDeprecationWarning: Properties that return a naïve datetime object have been deprecated. Please switch to not_valid_after_utc.
  expiry = cert.not_valid_after.replace(tzinfo=timezone.utc)
[WARN] xmlsec1 non trovato, skip firma
✅ metadata/c_a485.xml valido secondo QAD
/home/runner/work/spid-registry-repo/spid-registry-repo/scripts/validate_metadata_qad.py:84: CryptographyDeprecationWarning: Properties that return a naïve datetime object have been deprecated. Please switch to not_valid_after_utc.
  expiry = cert.not_valid_after.replace(tzinfo=timezone.utc)
[WARN] xmlsec1 non trovato, skip firma
--- ERRORI in metadata/c_a487__03642220267.xml ---
[1.5.2] OrgName deve avere almeno 'it' e 'en' ❌
[1.5.5] OrgDisplayName deve avere almeno 'it' e 'en' ❌
[1.5.8] OrgURL deve avere almeno 'it' e 'en' ❌
/home/runner/work/spid-registry-repo/spid-registry-repo/scripts/validate_metadata_qad.py:84: CryptographyDeprecationWarning: Properties that return a naïve datetime object have been deprecated. Please switch to not_valid_after_utc.
  expiry = cert.not_valid_after.replace(tzinfo=timezone.utc)
[WARN] xmlsec1 non trovato, skip firma
--- ERRORI in metadata/c_a509.xml ---
[Cert 1] Certificato scaduto il 2025-11-10 16:51:29+00:00 ❌
[Cert 2] Certificato scaduto il 2025-11-10 16:51:29+00:00 ❌
/home/runner/work/spid-registry-repo/spid-registry-repo/scripts/validate_metadata_qad.py:84: CryptographyDeprecationWarning: Properties that return a naïve datetime object have been deprecated. Please switch to not_valid_after_utc.
  expiry = cert.not_valid_after.replace(tzinfo=timezone.utc)
[WARN] xmlsec1 non trovato, skip firma
--- ERRORI in metadata/c_a514__IT06423240727.xml ---
[1.5.2] OrgName deve avere almeno 'it' e 'en' ❌
[1.5.5] OrgDisplayName deve avere almeno 'it' e 'en' ❌
[1.5.8] OrgURL deve avere almeno 'it' e 'en' ❌
/home/runner/work/spid-registry-repo/spid-registry-repo/scripts/validate_metadata_qad.py:84: CryptographyDeprecationWarning: Properties that return a naïve datetime object have been deprecated. Please switch to not_valid_after_utc.
  expiry = cert.not_valid_after.replace(tzinfo=timezone.utc)
[WARN] xmlsec1 non trovato, skip firma
--- ERRORI in metadata/c_a562__01818301200.xml ---
[1.5.2] OrgName deve avere almeno 'it' e 'en' ❌
[1.5.5] OrgDisplayName deve avere almeno 'it' e 'en' ❌
[1.5.8] OrgURL deve avere almeno 'it' e 'en' ❌
/home/runner/work/spid-registry-repo/spid-registry-repo/scripts/validate_metadata_qad.py:84: CryptographyDeprecationWarning: Properties that return a naïve datetime object have been deprecated. Please switch to not_valid_after_utc.
  expiry = cert.not_valid_after.replace(tzinfo=timezone.utc)
[WARN] xmlsec1 non trovato, skip firma
--- ERRORI in metadata/c_a613.xml ---
[1.5.2] OrgName deve avere almeno 'it' e 'en' ❌
[1.5.5] OrgDisplayName deve avere almeno 'it' e 'en' ❌
[1.5.8] OrgURL deve avere almeno 'it' e 'en' ❌
/home/runner/work/spid-registry-repo/spid-registry-repo/scripts/validate_metadata_qad.py:84: CryptographyDeprecationWarning: Properties that return a naïve datetime object have been deprecated. Please switch to not_valid_after_utc.
  expiry = cert.not_valid_after.replace(tzinfo=timezone.utc)
[WARN] xmlsec1 non trovato, skip firma
--- ERRORI in metadata/c_a792__00873010961.xml ---
[1.5.2] OrgName deve avere almeno 'it' e 'en' ❌
[1.5.5] OrgDisplayName deve avere almeno 'it' e 'en' ❌
[1.5.8] OrgURL deve avere almeno 'it' e 'en' ❌
/home/runner/work/spid-registry-repo/spid-registry-repo/scripts/validate_metadata_qad.py:84: CryptographyDeprecationWarning: Properties that return a naïve datetime object have been deprecated. Please switch to not_valid_after_utc.
  expiry = cert.not_valid_after.replace(tzinfo=timezone.utc)
[WARN] xmlsec1 non trovato, skip firma
--- ERRORI in metadata/c_a794.xml ---
[1.5.2] OrgName deve avere almeno 'it' e 'en' ❌
[1.5.5] OrgDisplayName deve avere almeno 'it' e 'en' ❌
[1.5.8] OrgURL deve avere almeno 'it' e 'en' ❌
[Cert 3] Certificato scaduto il 2024-03-09 21:09:26+00:00 ❌
[Cert 4] Certificato scaduto il 2024-03-09 21:09:26+00:00 ❌
/home/runner/work/spid-registry-repo/spid-registry-repo/scripts/validate_metadata_qad.py:84: CryptographyDeprecationWarning: Properties that return a naïve datetime object have been deprecated. Please switch to not_valid_after_utc.
  expiry = cert.not_valid_after.replace(tzinfo=timezone.utc)
[WARN] xmlsec1 non trovato, skip firma
--- ERRORI in metadata/c_b033__02820440044.xml ---
[1.5.2] OrgName deve avere almeno 'it' e 'en' ❌
[1.5.5] OrgDisplayName deve avere almeno 'it' e 'en' ❌
[1.5.8] OrgURL deve avere almeno 'it' e 'en' ❌
/home/runner/work/spid-registry-repo/spid-registry-repo/scripts/validate_metadata_qad.py:84: CryptographyDeprecationWarning: Properties that return a naïve datetime object have been deprecated. Please switch to not_valid_after_utc.
  expiry = cert.not_valid_after.replace(tzinfo=timezone.utc)
[WARN] xmlsec1 non trovato, skip firma
--- ERRORI in metadata/c_b035.xml ---
[1.5.2] OrgName deve avere almeno 'it' e 'en' ❌
[1.5.5] OrgDisplayName deve avere almeno 'it' e 'en' ❌
[1.5.8] OrgURL deve avere almeno 'it' e 'en' ❌
[Cert 1] Certificato scaduto il 2025-05-23 13:30:34+00:00 ❌
[Cert 4] Certificato scaduto il 2025-05-23 13:30:34+00:00 ❌
/home/runner/work/spid-registry-repo/spid-registry-repo/scripts/validate_metadata_qad.py:84: CryptographyDeprecationWarning: Properties that return a naïve datetime object have been deprecated. Please switch to not_valid_after_utc.
  expiry = cert.not_valid_after.replace(tzinfo=timezone.utc)
[WARN] xmlsec1 non trovato, skip firma
✅ metadata/c_b198.xml valido secondo QAD
/home/runner/work/spid-registry-repo/spid-registry-repo/scripts/validate_metadata_qad.py:84: CryptographyDeprecationWarning: Properties that return a naïve datetime object have been deprecated. Please switch to not_valid_after_utc.
  expiry = cert.not_valid_after.replace(tzinfo=timezone.utc)
[WARN] xmlsec1 non trovato, skip firma
--- ERRORI in metadata/c_b216.xml ---
[1.5.2] OrgName deve avere almeno 'it' e 'en' ❌
[1.5.5] OrgDisplayName deve avere almeno 'it' e 'en' ❌
[1.5.8] OrgURL deve avere almeno 'it' e 'en' ❌
/home/runner/work/spid-registry-repo/spid-registry-repo/scripts/validate_metadata_qad.py:84: CryptographyDeprecationWarning: Properties that return a naïve datetime object have been deprecated. Please switch to not_valid_after_utc.
  expiry = cert.not_valid_after.replace(tzinfo=timezone.utc)
[WARN] xmlsec1 non trovato, skip firma
--- ERRORI in metadata/c_b269__03789750100.xml ---
[1.5.2] OrgName deve avere almeno 'it' e 'en' ❌
[1.5.5] OrgDisplayName deve avere almeno 'it' e 'en' ❌
[1.5.8] OrgURL deve avere almeno 'it' e 'en' ❌
[Cert 2] Certificato scaduto il 2025-11-21 10:36:14+00:00 ❌
/home/runner/work/spid-registry-repo/spid-registry-repo/scripts/validate_metadata_qad.py:84: CryptographyDeprecationWarning: Properties that return a naïve datetime object have been deprecated. Please switch to not_valid_after_utc.
  expiry = cert.not_valid_after.replace(tzinfo=timezone.utc)
[WARN] xmlsec1 non trovato, skip firma
--- ERRORI in metadata/c_b415.xml ---
[1.5.2] OrgName deve avere almeno 'it' e 'en' ❌
[1.5.5] OrgDisplayName deve avere almeno 'it' e 'en' ❌
[1.5.8] OrgURL deve avere almeno 'it' e 'en' ❌
/home/runner/work/spid-registry-repo/spid-registry-repo/scripts/validate_metadata_qad.py:84: CryptographyDeprecationWarning: Properties that return a naïve datetime object have been deprecated. Please switch to not_valid_after_utc.
  expiry = cert.not_valid_after.replace(tzinfo=timezone.utc)
[WARN] xmlsec1 non trovato, skip firma
--- ERRORI in metadata/c_b429__03743021218.xml ---
[1.5.2] OrgName deve avere almeno 'it' e 'en' ❌
[1.5.5] OrgDisplayName deve avere almeno 'it' e 'en' ❌
[1.5.8] OrgURL deve avere almeno 'it' e 'en' ❌
/home/runner/work/spid-registry-repo/spid-registry-repo/scripts/validate_metadata_qad.py:84: CryptographyDeprecationWarning: Properties that return a naïve datetime object have been deprecated. Please switch to not_valid_after_utc.
  expiry = cert.not_valid_after.replace(tzinfo=timezone.utc)
[WARN] xmlsec1 non trovato, skip firma
✅ metadata/c_b441.xml valido secondo QAD
/home/runner/work/spid-registry-repo/spid-registry-repo/scripts/validate_metadata_qad.py:84: CryptographyDeprecationWarning: Properties that return a naïve datetime object have been deprecated. Please switch to not_valid_after_utc.
  expiry = cert.not_valid_after.replace(tzinfo=timezone.utc)
[WARN] xmlsec1 non trovato, skip firma
--- ERRORI in metadata/c_b473__03393760719.xml ---
[1.5.2] OrgName deve avere almeno 'it' e 'en' ❌
[1.5.5] OrgDisplayName deve avere almeno 'it' e 'en' ❌
[1.5.8] OrgURL deve avere almeno 'it' e 'en' ❌
/home/runner/work/spid-registry-repo/spid-registry-repo/scripts/validate_metadata_qad.py:84: CryptographyDeprecationWarning: Properties that return a naïve datetime object have been deprecated. Please switch to not_valid_after_utc.
  expiry = cert.not_valid_after.replace(tzinfo=timezone.utc)
[WARN] xmlsec1 non trovato, skip firma
--- ERRORI in metadata/c_b496__03789750100.xml ---
[1.5.2] OrgName deve avere almeno 'it' e 'en' ❌
[1.5.5] OrgDisplayName deve avere almeno 'it' e 'en' ❌
[1.5.8] OrgURL deve avere almeno 'it' e 'en' ❌
[Cert 2] Certificato scaduto il 2025-11-21 09:20:11+00:00 ❌
/home/runner/work/spid-registry-repo/spid-registry-repo/scripts/validate_metadata_qad.py:84: CryptographyDeprecationWarning: Properties that return a naïve datetime object have been deprecated. Please switch to not_valid_after_utc.
  expiry = cert.not_valid_after.replace(tzinfo=timezone.utc)
[WARN] xmlsec1 non trovato, skip firma
--- ERRORI in metadata/c_b512__03393760719.xml ---
[1.5.2] OrgName deve avere almeno 'it' e 'en' ❌
[1.5.5] OrgDisplayName deve avere almeno 'it' e 'en' ❌
[1.5.8] OrgURL deve avere almeno 'it' e 'en' ❌
/home/runner/work/spid-registry-repo/spid-registry-repo/scripts/validate_metadata_qad.py:84: CryptographyDeprecationWarning: Properties that return a naïve datetime object have been deprecated. Please switch to not_valid_after_utc.
  expiry = cert.not_valid_after.replace(tzinfo=timezone.utc)
[WARN] xmlsec1 non trovato, skip firma
--- ERRORI in metadata/c_b587__00873010961.xml ---
[1.5.2] OrgName deve avere almeno 'it' e 'en' ❌
[1.5.5] OrgDisplayName deve avere almeno 'it' e 'en' ❌
[1.5.8] OrgURL deve avere almeno 'it' e 'en' ❌
/home/runner/work/spid-registry-repo/spid-registry-repo/scripts/validate_metadata_qad.py:84: CryptographyDeprecationWarning: Properties that return a naïve datetime object have been deprecated. Please switch to not_valid_after_utc.
  expiry = cert.not_valid_after.replace(tzinfo=timezone.utc)
[WARN] xmlsec1 non trovato, skip firma
--- ERRORI in metadata/c_b594__03393760719.xml ---
[1.5.2] OrgName deve avere almeno 'it' e 'en' ❌
[1.5.5] OrgDisplayName deve avere almeno 'it' e 'en' ❌
[1.5.8] OrgURL deve avere almeno 'it' e 'en' ❌
/home/runner/work/spid-registry-repo/spid-registry-repo/scripts/validate_metadata_qad.py:84: CryptographyDeprecationWarning: Properties that return a naïve datetime object have been deprecated. Please switch to not_valid_after_utc.
  expiry = cert.not_valid_after.replace(tzinfo=timezone.utc)
[WARN] xmlsec1 non trovato, skip firma
--- ERRORI in metadata/c_b676.xml ---
[1.5.2] OrgName deve avere almeno 'it' e 'en' ❌
[1.5.5] OrgDisplayName deve avere almeno 'it' e 'en' ❌
[1.5.8] OrgURL deve avere almeno 'it' e 'en' ❌
[Cert 1] Certificato scaduto il 2024-02-29 13:21:00+00:00 ❌
[Cert 2] Certificato scaduto il 2024-02-29 13:21:00+00:00 ❌
/home/runner/work/spid-registry-repo/spid-registry-repo/scripts/validate_metadata_qad.py:84: CryptographyDeprecationWarning: Properties that return a naïve datetime object have been deprecated. Please switch to not_valid_after_utc.
  expiry = cert.not_valid_after.replace(tzinfo=timezone.utc)
[WARN] xmlsec1 non trovato, skip firma
--- ERRORI in metadata/c_b749__01239400391.xml ---
[1.5.2] OrgName deve avere almeno 'it' e 'en' ❌
[1.5.5] OrgDisplayName deve avere almeno 'it' e 'en' ❌
[1.5.8] OrgURL deve avere almeno 'it' e 'en' ❌
/home/runner/work/spid-registry-repo/spid-registry-repo/scripts/validate_metadata_qad.py:84: CryptographyDeprecationWarning: Properties that return a naïve datetime object have been deprecated. Please switch to not_valid_after_utc.
  expiry = cert.not_valid_after.replace(tzinfo=timezone.utc)
[WARN] xmlsec1 non trovato, skip firma
--- ERRORI in metadata/c_b785.xml ---
[1.5.2] OrgName deve avere almeno 'it' e 'en' ❌
[1.5.5] OrgDisplayName deve avere almeno 'it' e 'en' ❌
[1.5.8] OrgURL deve avere almeno 'it' e 'en' ❌
[Cert 1] Certificato scaduto il 2024-11-08 14:27:24+00:00 ❌
[Cert 2] Certificato scaduto il 2024-11-10 10:32:32+00:00 ❌
/home/runner/work/spid-registry-repo/spid-registry-repo/scripts/validate_metadata_qad.py:84: CryptographyDeprecationWarning: Properties that return a naïve datetime object have been deprecated. Please switch to not_valid_after_utc.
  expiry = cert.not_valid_after.replace(tzinfo=timezone.utc)
[WARN] xmlsec1 non trovato, skip firma
--- ERRORI in metadata/c_b794__01818301200.xml ---
[1.5.2] OrgName deve avere almeno 'it' e 'en' ❌
[1.5.5] OrgDisplayName deve avere almeno 'it' e 'en' ❌
[1.5.8] OrgURL deve avere almeno 'it' e 'en' ❌
/home/runner/work/spid-registry-repo/spid-registry-repo/scripts/validate_metadata_qad.py:84: CryptographyDeprecationWarning: Properties that return a naïve datetime object have been deprecated. Please switch to not_valid_after_utc.
  expiry = cert.not_valid_after.replace(tzinfo=timezone.utc)
[WARN] xmlsec1 non trovato, skip firma
--- ERRORI in metadata/c_b824__00873010961.xml ---
[1.5.2] OrgName deve avere almeno 'it' e 'en' ❌
[1.5.5] OrgDisplayName deve avere almeno 'it' e 'en' ❌
[1.5.8] OrgURL deve avere almeno 'it' e 'en' ❌
/home/runner/work/spid-registry-repo/spid-registry-repo/scripts/validate_metadata_qad.py:84: CryptographyDeprecationWarning: Properties that return a naïve datetime object have been deprecated. Please switch to not_valid_after_utc.
  expiry = cert.not_valid_after.replace(tzinfo=timezone.utc)
[WARN] xmlsec1 non trovato, skip firma
--- ERRORI in metadata/c_b905__02066400405.xml ---
[1.5.2] OrgName deve avere almeno 'it' e 'en' ❌
[1.5.5] OrgDisplayName deve avere almeno 'it' e 'en' ❌
[1.5.8] OrgURL deve avere almeno 'it' e 'en' ❌
/home/runner/work/spid-registry-repo/spid-registry-repo/scripts/validate_metadata_qad.py:84: CryptographyDeprecationWarning: Properties that return a naïve datetime object have been deprecated. Please switch to not_valid_after_utc.
  expiry = cert.not_valid_after.replace(tzinfo=timezone.utc)
[WARN] xmlsec1 non trovato, skip firma
--- ERRORI in metadata/c_b960__06423240727.xml ---
[1.5.2] OrgName deve avere almeno 'it' e 'en' ❌
[1.5.5] OrgDisplayName deve avere almeno 'it' e 'en' ❌
[1.5.8] OrgURL deve avere almeno 'it' e 'en' ❌
/home/runner/work/spid-registry-repo/spid-registry-repo/scripts/validate_metadata_qad.py:84: CryptographyDeprecationWarning: Properties that return a naïve datetime object have been deprecated. Please switch to not_valid_after_utc.
  expiry = cert.not_valid_after.replace(tzinfo=timezone.utc)
[WARN] xmlsec1 non trovato, skip firma
--- ERRORI in metadata/c_b988__02066400405.xml ---
[1.5.2] OrgName deve avere almeno 'it' e 'en' ❌
[1.5.5] OrgDisplayName deve avere almeno 'it' e 'en' ❌
[1.5.8] OrgURL deve avere almeno 'it' e 'en' ❌
/home/runner/work/spid-registry-repo/spid-registry-repo/scripts/validate_metadata_qad.py:84: CryptographyDeprecationWarning: Properties that return a naïve datetime object have been deprecated. Please switch to not_valid_after_utc.
  expiry = cert.not_valid_after.replace(tzinfo=timezone.utc)
[WARN] xmlsec1 non trovato, skip firma
--- ERRORI in metadata/c_c120__02066400405.xml ---
[1.5.2] OrgName deve avere almeno 'it' e 'en' ❌
[1.5.5] OrgDisplayName deve avere almeno 'it' e 'en' ❌
[1.5.8] OrgURL deve avere almeno 'it' e 'en' ❌
[WARN] xmlsec1 non trovato, skip firma
--- ERRORI in metadata/c_c153.xml ---
[1.5.2] OrgName deve avere almeno 'it' e 'en' ❌
[1.5.5] OrgDisplayName deve avere almeno 'it' e 'en' ❌
[1.5.8] OrgURL deve avere almeno 'it' e 'en' ❌
[Cert 1] Errore parsing certificato: error parsing asn1 value: ParseError { kind: InvalidValue, location: [2, 0, "AttributeTypeValue::value", "AttributeValue::PrintableString"] }
[Cert 2] Errore parsing certificato: error parsing asn1 value: ParseError { kind: InvalidValue, location: [2, 0, "AttributeTypeValue::value", "AttributeValue::PrintableString"] }
/home/runner/work/spid-registry-repo/spid-registry-repo/scripts/validate_metadata_qad.py:84: CryptographyDeprecationWarning: Properties that return a naïve datetime object have been deprecated. Please switch to not_valid_after_utc.
  expiry = cert.not_valid_after.replace(tzinfo=timezone.utc)
[WARN] xmlsec1 non trovato, skip firma
--- ERRORI in metadata/c_c199.xml ---
[1.5.2] OrgName deve avere almeno 'it' e 'en' ❌
[1.5.5] OrgDisplayName deve avere almeno 'it' e 'en' ❌
[1.5.8] OrgURL deve avere almeno 'it' e 'en' ❌
/home/runner/work/spid-registry-repo/spid-registry-repo/scripts/validate_metadata_qad.py:84: CryptographyDeprecationWarning: Properties that return a naïve datetime object have been deprecated. Please switch to not_valid_after_utc.
  expiry = cert.not_valid_after.replace(tzinfo=timezone.utc)
[WARN] xmlsec1 non trovato, skip firma
--- ERRORI in metadata/c_c301__02066400405.xml ---
[1.5.2] OrgName deve avere almeno 'it' e 'en' ❌
[1.5.5] OrgDisplayName deve avere almeno 'it' e 'en' ❌
[1.5.8] OrgURL deve avere almeno 'it' e 'en' ❌
/home/runner/work/spid-registry-repo/spid-registry-repo/scripts/validate_metadata_qad.py:84: CryptographyDeprecationWarning: Properties that return a naïve datetime object have been deprecated. Please switch to not_valid_after_utc.
  expiry = cert.not_valid_after.replace(tzinfo=timezone.utc)
/home/runner/work/spid-registry-repo/spid-registry-repo/scripts/validate_metadata_qad.py:82: CryptographyDeprecationWarning: Parsed a serial number which wasn't positive (i.e., it was negative or zero), which is disallowed by RFC 5280. Loading this certificate will cause an exception in a future release of cryptography.
  cert = x509.load_pem_x509_certificate(pem.encode(), default_backend())
[WARN] xmlsec1 non trovato, skip firma
✅ metadata/c_c342.xml valido secondo QAD
/home/runner/work/spid-registry-repo/spid-registry-repo/scripts/validate_metadata_qad.py:84: CryptographyDeprecationWarning: Properties that return a naïve datetime object have been deprecated. Please switch to not_valid_after_utc.
  expiry = cert.not_valid_after.replace(tzinfo=timezone.utc)
[WARN] xmlsec1 non trovato, skip firma
--- ERRORI in metadata/c_c361__03393760719.xml ---
[1.5.2] OrgName deve avere almeno 'it' e 'en' ❌
[1.5.5] OrgDisplayName deve avere almeno 'it' e 'en' ❌
[1.5.8] OrgURL deve avere almeno 'it' e 'en' ❌
/home/runner/work/spid-registry-repo/spid-registry-repo/scripts/validate_metadata_qad.py:84: CryptographyDeprecationWarning: Properties that return a naïve datetime object have been deprecated. Please switch to not_valid_after_utc.
  expiry = cert.not_valid_after.replace(tzinfo=timezone.utc)
[WARN] xmlsec1 non trovato, skip firma
--- ERRORI in metadata/c_c365.xml ---
[1.5.2] OrgName deve avere almeno 'it' e 'en' ❌
[1.5.5] OrgDisplayName deve avere almeno 'it' e 'en' ❌
[1.5.8] OrgURL deve avere almeno 'it' e 'en' ❌
/home/runner/work/spid-registry-repo/spid-registry-repo/scripts/validate_metadata_qad.py:84: CryptographyDeprecationWarning: Properties that return a naïve datetime object have been deprecated. Please switch to not_valid_after_utc.
  expiry = cert.not_valid_after.replace(tzinfo=timezone.utc)
[WARN] xmlsec1 non trovato, skip firma
--- ERRORI in metadata/c_c405__02066400405.xml ---
[1.5.2] OrgName deve avere almeno 'it' e 'en' ❌
[1.5.5] OrgDisplayName deve avere almeno 'it' e 'en' ❌
[1.5.8] OrgURL deve avere almeno 'it' e 'en' ❌
/home/runner/work/spid-registry-repo/spid-registry-repo/scripts/validate_metadata_qad.py:84: CryptographyDeprecationWarning: Properties that return a naïve datetime object have been deprecated. Please switch to not_valid_after_utc.
  expiry = cert.not_valid_after.replace(tzinfo=timezone.utc)
[WARN] xmlsec1 non trovato, skip firma
--- ERRORI in metadata/c_c439__03393760719.xml ---
[1.5.2] OrgName deve avere almeno 'it' e 'en' ❌
[1.5.5] OrgDisplayName deve avere almeno 'it' e 'en' ❌
[1.5.8] OrgURL deve avere almeno 'it' e 'en' ❌
/home/runner/work/spid-registry-repo/spid-registry-repo/scripts/validate_metadata_qad.py:84: CryptographyDeprecationWarning: Properties that return a naïve datetime object have been deprecated. Please switch to not_valid_after_utc.
  expiry = cert.not_valid_after.replace(tzinfo=timezone.utc)
[WARN] xmlsec1 non trovato, skip firma
--- ERRORI in metadata/c_c498__02947310237.xml ---
[1.5.2] OrgName deve avere almeno 'it' e 'en' ❌
[1.5.5] OrgDisplayName deve avere almeno 'it' e 'en' ❌
[1.5.8] OrgURL deve avere almeno 'it' e 'en' ❌
/home/runner/work/spid-registry-repo/spid-registry-repo/scripts/validate_metadata_qad.py:84: CryptographyDeprecationWarning: Properties that return a naïve datetime object have been deprecated. Please switch to not_valid_after_utc.
  expiry = cert.not_valid_after.replace(tzinfo=timezone.utc)
[WARN] xmlsec1 non trovato, skip firma
--- ERRORI in metadata/c_c557__03393760719.xml ---
[1.5.2] OrgName deve avere almeno 'it' e 'en' ❌
[1.5.5] OrgDisplayName deve avere almeno 'it' e 'en' ❌
[1.5.8] OrgURL deve avere almeno 'it' e 'en' ❌
/home/runner/work/spid-registry-repo/spid-registry-repo/scripts/validate_metadata_qad.py:84: CryptographyDeprecationWarning: Properties that return a naïve datetime object have been deprecated. Please switch to not_valid_after_utc.
  expiry = cert.not_valid_after.replace(tzinfo=timezone.utc)
[WARN] xmlsec1 non trovato, skip firma
✅ metadata/c_c573__02770891204.xml valido secondo QAD
/home/runner/work/spid-registry-repo/spid-registry-repo/scripts/validate_metadata_qad.py:84: CryptographyDeprecationWarning: Properties that return a naïve datetime object have been deprecated. Please switch to not_valid_after_utc.
  expiry = cert.not_valid_after.replace(tzinfo=timezone.utc)
[WARN] xmlsec1 non trovato, skip firma
--- ERRORI in metadata/c_c627__01239400391.xml ---
[1.5.2] OrgName deve avere almeno 'it' e 'en' ❌
[1.5.5] OrgDisplayName deve avere almeno 'it' e 'en' ❌
[1.5.8] OrgURL deve avere almeno 'it' e 'en' ❌
/home/runner/work/spid-registry-repo/spid-registry-repo/scripts/validate_metadata_qad.py:84: CryptographyDeprecationWarning: Properties that return a naïve datetime object have been deprecated. Please switch to not_valid_after_utc.
  expiry = cert.not_valid_after.replace(tzinfo=timezone.utc)
[WARN] xmlsec1 non trovato, skip firma
--- ERRORI in metadata/c_c711.xml ---
[1.5.2] OrgName deve avere almeno 'it' e 'en' ❌
[1.5.5] OrgDisplayName deve avere almeno 'it' e 'en' ❌
[1.5.8] OrgURL deve avere almeno 'it' e 'en' ❌
/home/runner/work/spid-registry-repo/spid-registry-repo/scripts/validate_metadata_qad.py:84: CryptographyDeprecationWarning: Properties that return a naïve datetime object have been deprecated. Please switch to not_valid_after_utc.
  expiry = cert.not_valid_after.replace(tzinfo=timezone.utc)
[WARN] xmlsec1 non trovato, skip firma
✅ metadata/c_c777__02770891204.xml valido secondo QAD
/home/runner/work/spid-registry-repo/spid-registry-repo/scripts/validate_metadata_qad.py:84: CryptographyDeprecationWarning: Properties that return a naïve datetime object have been deprecated. Please switch to not_valid_after_utc.
  expiry = cert.not_valid_after.replace(tzinfo=timezone.utc)
[WARN] xmlsec1 non trovato, skip firma
--- ERRORI in metadata/c_c890__02066400405.xml ---
[1.5.2] OrgName deve avere almeno 'it' e 'en' ❌
[1.5.5] OrgDisplayName deve avere almeno 'it' e 'en' ❌
[1.5.8] OrgURL deve avere almeno 'it' e 'en' ❌
/home/runner/work/spid-registry-repo/spid-registry-repo/scripts/validate_metadata_qad.py:84: CryptographyDeprecationWarning: Properties that return a naïve datetime object have been deprecated. Please switch to not_valid_after_utc.
  expiry = cert.not_valid_after.replace(tzinfo=timezone.utc)
[WARN] xmlsec1 non trovato, skip firma
--- ERRORI in metadata/c_c936__03393760719.xml ---
[1.5.2] OrgName deve avere almeno 'it' e 'en' ❌
[1.5.5] OrgDisplayName deve avere almeno 'it' e 'en' ❌
[1.5.8] OrgURL deve avere almeno 'it' e 'en' ❌
/home/runner/work/spid-registry-repo/spid-registry-repo/scripts/validate_metadata_qad.py:84: CryptographyDeprecationWarning: Properties that return a naïve datetime object have been deprecated. Please switch to not_valid_after_utc.
  expiry = cert.not_valid_after.replace(tzinfo=timezone.utc)
[WARN] xmlsec1 non trovato, skip firma
✅ metadata/c_c954.xml valido secondo QAD
/home/runner/work/spid-registry-repo/spid-registry-repo/scripts/validate_metadata_qad.py:84: CryptographyDeprecationWarning: Properties that return a naïve datetime object have been deprecated. Please switch to not_valid_after_utc.
  expiry = cert.not_valid_after.replace(tzinfo=timezone.utc)
[WARN] xmlsec1 non trovato, skip firma
--- ERRORI in metadata/c_d018__00873010961.xml ---
[1.5.2] OrgName deve avere almeno 'it' e 'en' ❌
[1.5.5] OrgDisplayName deve avere almeno 'it' e 'en' ❌
[1.5.8] OrgURL deve avere almeno 'it' e 'en' ❌
/home/runner/work/spid-registry-repo/spid-registry-repo/scripts/validate_metadata_qad.py:84: CryptographyDeprecationWarning: Properties that return a naïve datetime object have been deprecated. Please switch to not_valid_after_utc.
  expiry = cert.not_valid_after.replace(tzinfo=timezone.utc)
[WARN] xmlsec1 non trovato, skip firma
--- ERRORI in metadata/c_d045__IT06423240727.xml ---
[1.5.2] OrgName deve avere almeno 'it' e 'en' ❌
[1.5.5] OrgDisplayName deve avere almeno 'it' e 'en' ❌
[1.5.8] OrgURL deve avere almeno 'it' e 'en' ❌
/home/runner/work/spid-registry-repo/spid-registry-repo/scripts/validate_metadata_qad.py:84: CryptographyDeprecationWarning: Properties that return a naïve datetime object have been deprecated. Please switch to not_valid_after_utc.
  expiry = cert.not_valid_after.replace(tzinfo=timezone.utc)
[WARN] xmlsec1 non trovato, skip firma
--- ERRORI in metadata/c_d077__02066400405.xml ---
[1.5.2] OrgName deve avere almeno 'it' e 'en' ❌
[1.5.5] OrgDisplayName deve avere almeno 'it' e 'en' ❌
[1.5.8] OrgURL deve avere almeno 'it' e 'en' ❌
/home/runner/work/spid-registry-repo/spid-registry-repo/scripts/validate_metadata_qad.py:84: CryptographyDeprecationWarning: Properties that return a naïve datetime object have been deprecated. Please switch to not_valid_after_utc.
  expiry = cert.not_valid_after.replace(tzinfo=timezone.utc)
[WARN] xmlsec1 non trovato, skip firma
--- ERRORI in metadata/c_d099__01778000040.xml ---
[1.5.2] OrgName deve avere almeno 'it' e 'en' ❌
[1.5.5] OrgDisplayName deve avere almeno 'it' e 'en' ❌
[1.5.8] OrgURL deve avere almeno 'it' e 'en' ❌
/home/runner/work/spid-registry-repo/spid-registry-repo/scripts/validate_metadata_qad.py:84: CryptographyDeprecationWarning: Properties that return a naïve datetime object have been deprecated. Please switch to not_valid_after_utc.
  expiry = cert.not_valid_after.replace(tzinfo=timezone.utc)
[WARN] xmlsec1 non trovato, skip firma
--- ERRORI in metadata/c_d171__03393760719.xml ---
[1.5.2] OrgName deve avere almeno 'it' e 'en' ❌
[1.5.5] OrgDisplayName deve avere almeno 'it' e 'en' ❌
[1.5.8] OrgURL deve avere almeno 'it' e 'en' ❌
/home/runner/work/spid-registry-repo/spid-registry-repo/scripts/validate_metadata_qad.py:84: CryptographyDeprecationWarning: Properties that return a naïve datetime object have been deprecated. Please switch to not_valid_after_utc.
  expiry = cert.not_valid_after.replace(tzinfo=timezone.utc)
[WARN] xmlsec1 non trovato, skip firma
--- ERRORI in metadata/c_d208__03393760719.xml ---
[1.5.2] OrgName deve avere almeno 'it' e 'en' ❌
[1.5.5] OrgDisplayName deve avere almeno 'it' e 'en' ❌
[1.5.8] OrgURL deve avere almeno 'it' e 'en' ❌
/home/runner/work/spid-registry-repo/spid-registry-repo/scripts/validate_metadata_qad.py:84: CryptographyDeprecationWarning: Properties that return a naïve datetime object have been deprecated. Please switch to not_valid_after_utc.
  expiry = cert.not_valid_after.replace(tzinfo=timezone.utc)
[WARN] xmlsec1 non trovato, skip firma
--- ERRORI in metadata/c_d297.xml ---
[1.5.2] OrgName deve avere almeno 'it' e 'en' ❌
[1.5.5] OrgDisplayName deve avere almeno 'it' e 'en' ❌
[1.5.8] OrgURL deve avere almeno 'it' e 'en' ❌
/home/runner/work/spid-registry-repo/spid-registry-repo/scripts/validate_metadata_qad.py:84: CryptographyDeprecationWarning: Properties that return a naïve datetime object have been deprecated. Please switch to not_valid_after_utc.
  expiry = cert.not_valid_after.replace(tzinfo=timezone.utc)
[WARN] xmlsec1 non trovato, skip firma
--- ERRORI in metadata/c_d391.xml ---
[1.5.2] OrgName deve avere almeno 'it' e 'en' ❌
[1.5.5] OrgDisplayName deve avere almeno 'it' e 'en' ❌
[1.5.8] OrgURL deve avere almeno 'it' e 'en' ❌
[Cert 1] Certificato scaduto il 2022-02-15 08:00:51+00:00 ❌
[Cert 2] Certificato scaduto il 2022-02-15 08:00:51+00:00 ❌
/home/runner/work/spid-registry-repo/spid-registry-repo/scripts/validate_metadata_qad.py:84: CryptographyDeprecationWarning: Properties that return a naïve datetime object have been deprecated. Please switch to not_valid_after_utc.
  expiry = cert.not_valid_after.replace(tzinfo=timezone.utc)
[WARN] xmlsec1 non trovato, skip firma
--- ERRORI in metadata/c_d410__03393760719.xml ---
[1.5.2] OrgName deve avere almeno 'it' e 'en' ❌
[1.5.5] OrgDisplayName deve avere almeno 'it' e 'en' ❌
[1.5.8] OrgURL deve avere almeno 'it' e 'en' ❌
/home/runner/work/spid-registry-repo/spid-registry-repo/scripts/validate_metadata_qad.py:84: CryptographyDeprecationWarning: Properties that return a naïve datetime object have been deprecated. Please switch to not_valid_after_utc.
  expiry = cert.not_valid_after.replace(tzinfo=timezone.utc)
[WARN] xmlsec1 non trovato, skip firma
--- ERRORI in metadata/c_d442__01239400391.xml ---
[1.5.2] OrgName deve avere almeno 'it' e 'en' ❌
[1.5.5] OrgDisplayName deve avere almeno 'it' e 'en' ❌
[1.5.8] OrgURL deve avere almeno 'it' e 'en' ❌
/home/runner/work/spid-registry-repo/spid-registry-repo/scripts/validate_metadata_qad.py:84: CryptographyDeprecationWarning: Properties that return a naïve datetime object have been deprecated. Please switch to not_valid_after_utc.
  expiry = cert.not_valid_after.replace(tzinfo=timezone.utc)
[WARN] xmlsec1 non trovato, skip firma
--- ERRORI in metadata/c_d469__02066400405.xml ---
[1.5.2] OrgName deve avere almeno 'it' e 'en' ❌
[1.5.5] OrgDisplayName deve avere almeno 'it' e 'en' ❌
[1.5.8] OrgURL deve avere almeno 'it' e 'en' ❌
/home/runner/work/spid-registry-repo/spid-registry-repo/scripts/validate_metadata_qad.py:84: CryptographyDeprecationWarning: Properties that return a naïve datetime object have been deprecated. Please switch to not_valid_after_utc.
  expiry = cert.not_valid_after.replace(tzinfo=timezone.utc)
[WARN] xmlsec1 non trovato, skip firma
--- ERRORI in metadata/c_d486__01239400391.xml ---
[1.5.2] OrgName deve avere almeno 'it' e 'en' ❌
[1.5.5] OrgDisplayName deve avere almeno 'it' e 'en' ❌
[1.5.8] OrgURL deve avere almeno 'it' e 'en' ❌
/home/runner/work/spid-registry-repo/spid-registry-repo/scripts/validate_metadata_qad.py:84: CryptographyDeprecationWarning: Properties that return a naïve datetime object have been deprecated. Please switch to not_valid_after_utc.
  expiry = cert.not_valid_after.replace(tzinfo=timezone.utc)
[WARN] xmlsec1 non trovato, skip firma
--- ERRORI in metadata/c_d501__0935554096.xml ---
[1.5.2] OrgName deve avere almeno 'it' e 'en' ❌
[1.5.5] OrgDisplayName deve avere almeno 'it' e 'en' ❌
[1.5.8] OrgURL deve avere almeno 'it' e 'en' ❌
/home/runner/work/spid-registry-repo/spid-registry-repo/scripts/validate_metadata_qad.py:84: CryptographyDeprecationWarning: Properties that return a naïve datetime object have been deprecated. Please switch to not_valid_after_utc.
  expiry = cert.not_valid_after.replace(tzinfo=timezone.utc)
[WARN] xmlsec1 non trovato, skip firma
--- ERRORI in metadata/c_d590__02066400405.xml ---
[1.5.2] OrgName deve avere almeno 'it' e 'en' ❌
[1.5.5] OrgDisplayName deve avere almeno 'it' e 'en' ❌
[1.5.8] OrgURL deve avere almeno 'it' e 'en' ❌
/home/runner/work/spid-registry-repo/spid-registry-repo/scripts/validate_metadata_qad.py:84: CryptographyDeprecationWarning: Properties that return a naïve datetime object have been deprecated. Please switch to not_valid_after_utc.
  expiry = cert.not_valid_after.replace(tzinfo=timezone.utc)
[WARN] xmlsec1 non trovato, skip firma
--- ERRORI in metadata/c_d672__02947310237.xml ---
[1.5.2] OrgName deve avere almeno 'it' e 'en' ❌
[1.5.5] OrgDisplayName deve avere almeno 'it' e 'en' ❌
[1.5.8] OrgURL deve avere almeno 'it' e 'en' ❌
/home/runner/work/spid-registry-repo/spid-registry-repo/scripts/validate_metadata_qad.py:84: CryptographyDeprecationWarning: Properties that return a naïve datetime object have been deprecated. Please switch to not_valid_after_utc.
  expiry = cert.not_valid_after.replace(tzinfo=timezone.utc)
[WARN] xmlsec1 non trovato, skip firma
--- ERRORI in metadata/c_d763__02066400405.xml ---
[1.5.2] OrgName deve avere almeno 'it' e 'en' ❌
[1.5.5] OrgDisplayName deve avere almeno 'it' e 'en' ❌
[1.5.8] OrgURL deve avere almeno 'it' e 'en' ❌
/home/runner/work/spid-registry-repo/spid-registry-repo/scripts/validate_metadata_qad.py:84: CryptographyDeprecationWarning: Properties that return a naïve datetime object have been deprecated. Please switch to not_valid_after_utc.
  expiry = cert.not_valid_after.replace(tzinfo=timezone.utc)
[WARN] xmlsec1 non trovato, skip firma
--- ERRORI in metadata/c_d776.xml ---
[1.5.2] OrgName deve avere almeno 'it' e 'en' ❌
[1.5.5] OrgDisplayName deve avere almeno 'it' e 'en' ❌
[1.5.8] OrgURL deve avere almeno 'it' e 'en' ❌
/home/runner/work/spid-registry-repo/spid-registry-repo/scripts/validate_metadata_qad.py:84: CryptographyDeprecationWarning: Properties that return a naïve datetime object have been deprecated. Please switch to not_valid_after_utc.
  expiry = cert.not_valid_after.replace(tzinfo=timezone.utc)
[WARN] xmlsec1 non trovato, skip firma
--- ERRORI in metadata/c_d812__03393760719.xml ---
[1.5.2] OrgName deve avere almeno 'it' e 'en' ❌
[1.5.5] OrgDisplayName deve avere almeno 'it' e 'en' ❌
[1.5.8] OrgURL deve avere almeno 'it' e 'en' ❌
/home/runner/work/spid-registry-repo/spid-registry-repo/scripts/validate_metadata_qad.py:84: CryptographyDeprecationWarning: Properties that return a naïve datetime object have been deprecated. Please switch to not_valid_after_utc.
  expiry = cert.not_valid_after.replace(tzinfo=timezone.utc)
[WARN] xmlsec1 non trovato, skip firma
--- ERRORI in metadata/c_d818__02947310237.xml ---
[1.5.2] OrgName deve avere almeno 'it' e 'en' ❌
[1.5.5] OrgDisplayName deve avere almeno 'it' e 'en' ❌
[1.5.8] OrgURL deve avere almeno 'it' e 'en' ❌
/home/runner/work/spid-registry-repo/spid-registry-repo/scripts/validate_metadata_qad.py:84: CryptographyDeprecationWarning: Properties that return a naïve datetime object have been deprecated. Please switch to not_valid_after_utc.
  expiry = cert.not_valid_after.replace(tzinfo=timezone.utc)
[WARN] xmlsec1 non trovato, skip firma
--- ERRORI in metadata/c_d851__IT06423240727.xml ---
[1.5.2] OrgName deve avere almeno 'it' e 'en' ❌
[1.5.5] OrgDisplayName deve avere almeno 'it' e 'en' ❌
[1.5.8] OrgURL deve avere almeno 'it' e 'en' ❌
/home/runner/work/spid-registry-repo/spid-registry-repo/scripts/validate_metadata_qad.py:84: CryptographyDeprecationWarning: Properties that return a naïve datetime object have been deprecated. Please switch to not_valid_after_utc.
  expiry = cert.not_valid_after.replace(tzinfo=timezone.utc)
[WARN] xmlsec1 non trovato, skip firma
✅ metadata/c_d867__02770891204.xml valido secondo QAD
/home/runner/work/spid-registry-repo/spid-registry-repo/scripts/validate_metadata_qad.py:84: CryptographyDeprecationWarning: Properties that return a naïve datetime object have been deprecated. Please switch to not_valid_after_utc.
  expiry = cert.not_valid_after.replace(tzinfo=timezone.utc)
[WARN] xmlsec1 non trovato, skip firma
--- ERRORI in metadata/c_d872__03393760719.xml ---
[1.5.2] OrgName deve avere almeno 'it' e 'en' ❌
[1.5.5] OrgDisplayName deve avere almeno 'it' e 'en' ❌
[1.5.8] OrgURL deve avere almeno 'it' e 'en' ❌
/home/runner/work/spid-registry-repo/spid-registry-repo/scripts/validate_metadata_qad.py:84: CryptographyDeprecationWarning: Properties that return a naïve datetime object have been deprecated. Please switch to not_valid_after_utc.
  expiry = cert.not_valid_after.replace(tzinfo=timezone.utc)
[WARN] xmlsec1 non trovato, skip firma
--- ERRORI in metadata/c_d902.xml ---
[1.5.2] OrgName deve avere almeno 'it' e 'en' ❌
[1.5.5] OrgDisplayName deve avere almeno 'it' e 'en' ❌
[1.5.8] OrgURL deve avere almeno 'it' e 'en' ❌
/home/runner/work/spid-registry-repo/spid-registry-repo/scripts/validate_metadata_qad.py:84: CryptographyDeprecationWarning: Properties that return a naïve datetime object have been deprecated. Please switch to not_valid_after_utc.
  expiry = cert.not_valid_after.replace(tzinfo=timezone.utc)
[WARN] xmlsec1 non trovato, skip firma
--- ERRORI in metadata/c_d915__03789750100.xml ---
[1.5.2] OrgName deve avere almeno 'it' e 'en' ❌
[1.5.5] OrgDisplayName deve avere almeno 'it' e 'en' ❌
[1.5.8] OrgURL deve avere almeno 'it' e 'en' ❌
[Cert 2] Certificato scaduto il 2025-09-27 09:13:39+00:00 ❌
/home/runner/work/spid-registry-repo/spid-registry-repo/scripts/validate_metadata_qad.py:84: CryptographyDeprecationWarning: Properties that return a naïve datetime object have been deprecated. Please switch to not_valid_after_utc.
  expiry = cert.not_valid_after.replace(tzinfo=timezone.utc)
[WARN] xmlsec1 non trovato, skip firma
--- ERRORI in metadata/c_d925__03393760719.xml ---
[1.5.2] OrgName deve avere almeno 'it' e 'en' ❌
[1.5.5] OrgDisplayName deve avere almeno 'it' e 'en' ❌
[1.5.8] OrgURL deve avere almeno 'it' e 'en' ❌
/home/runner/work/spid-registry-repo/spid-registry-repo/scripts/validate_metadata_qad.py:84: CryptographyDeprecationWarning: Properties that return a naïve datetime object have been deprecated. Please switch to not_valid_after_utc.
  expiry = cert.not_valid_after.replace(tzinfo=timezone.utc)
[WARN] xmlsec1 non trovato, skip firma
--- ERRORI in metadata/c_d933__03393760719.xml ---
[1.5.2] OrgName deve avere almeno 'it' e 'en' ❌
[1.5.5] OrgDisplayName deve avere almeno 'it' e 'en' ❌
[1.5.8] OrgURL deve avere almeno 'it' e 'en' ❌
/home/runner/work/spid-registry-repo/spid-registry-repo/scripts/validate_metadata_qad.py:84: CryptographyDeprecationWarning: Properties that return a naïve datetime object have been deprecated. Please switch to not_valid_after_utc.
  expiry = cert.not_valid_after.replace(tzinfo=timezone.utc)
[WARN] xmlsec1 non trovato, skip firma
--- ERRORI in metadata/c_d997.xml ---
[1.5.2] OrgName deve avere almeno 'it' e 'en' ❌
[1.5.5] OrgDisplayName deve avere almeno 'it' e 'en' ❌
[1.5.8] OrgURL deve avere almeno 'it' e 'en' ❌
/home/runner/work/spid-registry-repo/spid-registry-repo/scripts/validate_metadata_qad.py:84: CryptographyDeprecationWarning: Properties that return a naïve datetime object have been deprecated. Please switch to not_valid_after_utc.
  expiry = cert.not_valid_after.replace(tzinfo=timezone.utc)
[WARN] xmlsec1 non trovato, skip firma
--- ERRORI in metadata/c_e185.xml ---
[1.5.2] OrgName deve avere almeno 'it' e 'en' ❌
[1.5.5] OrgDisplayName deve avere almeno 'it' e 'en' ❌
[1.5.8] OrgURL deve avere almeno 'it' e 'en' ❌
/home/runner/work/spid-registry-repo/spid-registry-repo/scripts/validate_metadata_qad.py:84: CryptographyDeprecationWarning: Properties that return a naïve datetime object have been deprecated. Please switch to not_valid_after_utc.
  expiry = cert.not_valid_after.replace(tzinfo=timezone.utc)
[WARN] xmlsec1 non trovato, skip firma
--- ERRORI in metadata/c_e223__03393760719.xml ---
[1.5.2] OrgName deve avere almeno 'it' e 'en' ❌
[1.5.5] OrgDisplayName deve avere almeno 'it' e 'en' ❌
[1.5.8] OrgURL deve avere almeno 'it' e 'en' ❌
/home/runner/work/spid-registry-repo/spid-registry-repo/scripts/validate_metadata_qad.py:84: CryptographyDeprecationWarning: Properties that return a naïve datetime object have been deprecated. Please switch to not_valid_after_utc.
  expiry = cert.not_valid_after.replace(tzinfo=timezone.utc)
[WARN] xmlsec1 non trovato, skip firma
--- ERRORI in metadata/c_e223__06423240727.xml ---
[1.5.2] OrgName deve avere almeno 'it' e 'en' ❌
[1.5.5] OrgDisplayName deve avere almeno 'it' e 'en' ❌
[1.5.8] OrgURL deve avere almeno 'it' e 'en' ❌
/home/runner/work/spid-registry-repo/spid-registry-repo/scripts/validate_metadata_qad.py:84: CryptographyDeprecationWarning: Properties that return a naïve datetime object have been deprecated. Please switch to not_valid_after_utc.
  expiry = cert.not_valid_after.replace(tzinfo=timezone.utc)
[WARN] xmlsec1 non trovato, skip firma
--- ERRORI in metadata/c_e270__02066400405.xml ---
[1.5.2] OrgName deve avere almeno 'it' e 'en' ❌
[1.5.5] OrgDisplayName deve avere almeno 'it' e 'en' ❌
[1.5.8] OrgURL deve avere almeno 'it' e 'en' ❌
/home/runner/work/spid-registry-repo/spid-registry-repo/scripts/validate_metadata_qad.py:84: CryptographyDeprecationWarning: Properties that return a naïve datetime object have been deprecated. Please switch to not_valid_after_utc.
  expiry = cert.not_valid_after.replace(tzinfo=timezone.utc)
[WARN] xmlsec1 non trovato, skip firma
--- ERRORI in metadata/c_e311__03393760719.xml ---
[1.5.2] OrgName deve avere almeno 'it' e 'en' ❌
[1.5.5] OrgDisplayName deve avere almeno 'it' e 'en' ❌
[1.5.8] OrgURL deve avere almeno 'it' e 'en' ❌
/home/runner/work/spid-registry-repo/spid-registry-repo/scripts/validate_metadata_qad.py:84: CryptographyDeprecationWarning: Properties that return a naïve datetime object have been deprecated. Please switch to not_valid_after_utc.
  expiry = cert.not_valid_after.replace(tzinfo=timezone.utc)
[WARN] xmlsec1 non trovato, skip firma
--- ERRORI in metadata/c_e335__03393760719.xml ---
[1.5.2] OrgName deve avere almeno 'it' e 'en' ❌
[1.5.5] OrgDisplayName deve avere almeno 'it' e 'en' ❌
[1.5.8] OrgURL deve avere almeno 'it' e 'en' ❌
/home/runner/work/spid-registry-repo/spid-registry-repo/scripts/validate_metadata_qad.py:84: CryptographyDeprecationWarning: Properties that return a naïve datetime object have been deprecated. Please switch to not_valid_after_utc.
  expiry = cert.not_valid_after.replace(tzinfo=timezone.utc)
[WARN] xmlsec1 non trovato, skip firma
--- ERRORI in metadata/c_e363__03393760719.xml ---
[1.5.2] OrgName deve avere almeno 'it' e 'en' ❌
[1.5.5] OrgDisplayName deve avere almeno 'it' e 'en' ❌
[1.5.8] OrgURL deve avere almeno 'it' e 'en' ❌
/home/runner/work/spid-registry-repo/spid-registry-repo/scripts/validate_metadata_qad.py:84: CryptographyDeprecationWarning: Properties that return a naïve datetime object have been deprecated. Please switch to not_valid_after_utc.
  expiry = cert.not_valid_after.replace(tzinfo=timezone.utc)
[WARN] xmlsec1 non trovato, skip firma
--- ERRORI in metadata/c_e471__IT06423240727.xml ---
[1.5.2] OrgName deve avere almeno 'it' e 'en' ❌
[1.5.5] OrgDisplayName deve avere almeno 'it' e 'en' ❌
[1.5.8] OrgURL deve avere almeno 'it' e 'en' ❌
/home/runner/work/spid-registry-repo/spid-registry-repo/scripts/validate_metadata_qad.py:84: CryptographyDeprecationWarning: Properties that return a naïve datetime object have been deprecated. Please switch to not_valid_after_utc.
  expiry = cert.not_valid_after.replace(tzinfo=timezone.utc)
[WARN] xmlsec1 non trovato, skip firma
--- ERRORI in metadata/c_e514__IT01727860221.xml ---
[1.5.2] OrgName deve avere almeno 'it' e 'en' ❌
[1.5.5] OrgDisplayName deve avere almeno 'it' e 'en' ❌
[1.5.8] OrgURL deve avere almeno 'it' e 'en' ❌
/home/runner/work/spid-registry-repo/spid-registry-repo/scripts/validate_metadata_qad.py:84: CryptographyDeprecationWarning: Properties that return a naïve datetime object have been deprecated. Please switch to not_valid_after_utc.
  expiry = cert.not_valid_after.replace(tzinfo=timezone.utc)
[WARN] xmlsec1 non trovato, skip firma
--- ERRORI in metadata/c_e517.xml ---
[1.5.2] OrgName deve avere almeno 'it' e 'en' ❌
[1.5.5] OrgDisplayName deve avere almeno 'it' e 'en' ❌
[1.5.8] OrgURL deve avere almeno 'it' e 'en' ❌
/home/runner/work/spid-registry-repo/spid-registry-repo/scripts/validate_metadata_qad.py:84: CryptographyDeprecationWarning: Properties that return a naïve datetime object have been deprecated. Please switch to not_valid_after_utc.
  expiry = cert.not_valid_after.replace(tzinfo=timezone.utc)
[WARN] xmlsec1 non trovato, skip firma
--- ERRORI in metadata/c_e555__03393760719.xml ---
[1.5.2] OrgName deve avere almeno 'it' e 'en' ❌
[1.5.5] OrgDisplayName deve avere almeno 'it' e 'en' ❌
[1.5.8] OrgURL deve avere almeno 'it' e 'en' ❌
/home/runner/work/spid-registry-repo/spid-registry-repo/scripts/validate_metadata_qad.py:84: CryptographyDeprecationWarning: Properties that return a naïve datetime object have been deprecated. Please switch to not_valid_after_utc.
  expiry = cert.not_valid_after.replace(tzinfo=timezone.utc)
[WARN] xmlsec1 non trovato, skip firma
--- ERRORI in metadata/c_e574.xml ---
[1.5.2] OrgName deve avere almeno 'it' e 'en' ❌
[1.5.5] OrgDisplayName deve avere almeno 'it' e 'en' ❌
[1.5.8] OrgURL deve avere almeno 'it' e 'en' ❌
[Cert 4] Certificato scaduto il 2024-04-22 09:04:51+00:00 ❌
[Cert 5] Certificato scaduto il 2024-04-22 09:04:51+00:00 ❌
/home/runner/work/spid-registry-repo/spid-registry-repo/scripts/validate_metadata_qad.py:84: CryptographyDeprecationWarning: Properties that return a naïve datetime object have been deprecated. Please switch to not_valid_after_utc.
  expiry = cert.not_valid_after.replace(tzinfo=timezone.utc)
[WARN] xmlsec1 non trovato, skip firma
--- ERRORI in metadata/c_e661__03393760719.xml ---
[1.5.2] OrgName deve avere almeno 'it' e 'en' ❌
[1.5.5] OrgDisplayName deve avere almeno 'it' e 'en' ❌
[1.5.8] OrgURL deve avere almeno 'it' e 'en' ❌
/home/runner/work/spid-registry-repo/spid-registry-repo/scripts/validate_metadata_qad.py:84: CryptographyDeprecationWarning: Properties that return a naïve datetime object have been deprecated. Please switch to not_valid_after_utc.
  expiry = cert.not_valid_after.replace(tzinfo=timezone.utc)
[WARN] xmlsec1 non trovato, skip firma
✅ metadata/c_e682.xml valido secondo QAD
/home/runner/work/spid-registry-repo/spid-registry-repo/scripts/validate_metadata_qad.py:84: CryptographyDeprecationWarning: Properties that return a naïve datetime object have been deprecated. Please switch to not_valid_after_utc.
  expiry = cert.not_valid_after.replace(tzinfo=timezone.utc)
[WARN] xmlsec1 non trovato, skip firma
--- ERRORI in metadata/c_e706.xml ---
[1.5.2] OrgName deve avere almeno 'it' e 'en' ❌
[1.5.5] OrgDisplayName deve avere almeno 'it' e 'en' ❌
[1.5.8] OrgURL deve avere almeno 'it' e 'en' ❌
/home/runner/work/spid-registry-repo/spid-registry-repo/scripts/validate_metadata_qad.py:84: CryptographyDeprecationWarning: Properties that return a naïve datetime object have been deprecated. Please switch to not_valid_after_utc.
  expiry = cert.not_valid_after.replace(tzinfo=timezone.utc)
[WARN] xmlsec1 non trovato, skip firma
--- ERRORI in metadata/c_e709__01239400391.xml ---
[1.5.2] OrgName deve avere almeno 'it' e 'en' ❌
[1.5.5] OrgDisplayName deve avere almeno 'it' e 'en' ❌
[1.5.8] OrgURL deve avere almeno 'it' e 'en' ❌
/home/runner/work/spid-registry-repo/spid-registry-repo/scripts/validate_metadata_qad.py:84: CryptographyDeprecationWarning: Properties that return a naïve datetime object have been deprecated. Please switch to not_valid_after_utc.
  expiry = cert.not_valid_after.replace(tzinfo=timezone.utc)
[WARN] xmlsec1 non trovato, skip firma
--- ERRORI in metadata/c_e716__03743021218.xml ---
[1.5.2] OrgName deve avere almeno 'it' e 'en' ❌
[1.5.5] OrgDisplayName deve avere almeno 'it' e 'en' ❌
[1.5.8] OrgURL deve avere almeno 'it' e 'en' ❌
/home/runner/work/spid-registry-repo/spid-registry-repo/scripts/validate_metadata_qad.py:84: CryptographyDeprecationWarning: Properties that return a naïve datetime object have been deprecated. Please switch to not_valid_after_utc.
  expiry = cert.not_valid_after.replace(tzinfo=timezone.utc)
[WARN] xmlsec1 non trovato, skip firma
--- ERRORI in metadata/c_e749__01239400391.xml ---
[1.5.2] OrgName deve avere almeno 'it' e 'en' ❌
[1.5.5] OrgDisplayName deve avere almeno 'it' e 'en' ❌
[1.5.8] OrgURL deve avere almeno 'it' e 'en' ❌
/home/runner/work/spid-registry-repo/spid-registry-repo/scripts/validate_metadata_qad.py:84: CryptographyDeprecationWarning: Properties that return a naïve datetime object have been deprecated. Please switch to not_valid_after_utc.
  expiry = cert.not_valid_after.replace(tzinfo=timezone.utc)
[WARN] xmlsec1 non trovato, skip firma
--- ERRORI in metadata/c_e754__02066400405.xml ---
[1.5.2] OrgName deve avere almeno 'it' e 'en' ❌
[1.5.5] OrgDisplayName deve avere almeno 'it' e 'en' ❌
[1.5.8] OrgURL deve avere almeno 'it' e 'en' ❌
/home/runner/work/spid-registry-repo/spid-registry-repo/scripts/validate_metadata_qad.py:84: CryptographyDeprecationWarning: Properties that return a naïve datetime object have been deprecated. Please switch to not_valid_after_utc.
  expiry = cert.not_valid_after.replace(tzinfo=timezone.utc)
[WARN] xmlsec1 non trovato, skip firma
✅ metadata/c_e760.xml valido secondo QAD
/home/runner/work/spid-registry-repo/spid-registry-repo/scripts/validate_metadata_qad.py:84: CryptographyDeprecationWarning: Properties that return a naïve datetime object have been deprecated. Please switch to not_valid_after_utc.
  expiry = cert.not_valid_after.replace(tzinfo=timezone.utc)
[WARN] xmlsec1 non trovato, skip firma
--- ERRORI in metadata/c_e763.xml ---
[1.5.2] OrgName deve avere almeno 'it' e 'en' ❌
[1.5.5] OrgDisplayName deve avere almeno 'it' e 'en' ❌
[1.5.8] OrgURL deve avere almeno 'it' e 'en' ❌
/home/runner/work/spid-registry-repo/spid-registry-repo/scripts/validate_metadata_qad.py:84: CryptographyDeprecationWarning: Properties that return a naïve datetime object have been deprecated. Please switch to not_valid_after_utc.
  expiry = cert.not_valid_after.replace(tzinfo=timezone.utc)
[WARN] xmlsec1 non trovato, skip firma
--- ERRORI in metadata/c_e782__03393760719.xml ---
[1.5.2] OrgName deve avere almeno 'it' e 'en' ❌
[1.5.5] OrgDisplayName deve avere almeno 'it' e 'en' ❌
[1.5.8] OrgURL deve avere almeno 'it' e 'en' ❌
/home/runner/work/spid-registry-repo/spid-registry-repo/scripts/validate_metadata_qad.py:84: CryptographyDeprecationWarning: Properties that return a naïve datetime object have been deprecated. Please switch to not_valid_after_utc.
  expiry = cert.not_valid_after.replace(tzinfo=timezone.utc)
[WARN] xmlsec1 non trovato, skip firma
--- ERRORI in metadata/c_e851__02066400405.xml ---
[1.5.2] OrgName deve avere almeno 'it' e 'en' ❌
[1.5.5] OrgDisplayName deve avere almeno 'it' e 'en' ❌
[1.5.8] OrgURL deve avere almeno 'it' e 'en' ❌
/home/runner/work/spid-registry-repo/spid-registry-repo/scripts/validate_metadata_qad.py:84: CryptographyDeprecationWarning: Properties that return a naïve datetime object have been deprecated. Please switch to not_valid_after_utc.
  expiry = cert.not_valid_after.replace(tzinfo=timezone.utc)
[WARN] xmlsec1 non trovato, skip firma
--- ERRORI in metadata/c_e864__00578930349.xml ---
[1.5.2] OrgName deve avere almeno 'it' e 'en' ❌
[1.5.5] OrgDisplayName deve avere almeno 'it' e 'en' ❌
[1.5.8] OrgURL deve avere almeno 'it' e 'en' ❌
/home/runner/work/spid-registry-repo/spid-registry-repo/scripts/validate_metadata_qad.py:84: CryptographyDeprecationWarning: Properties that return a naïve datetime object have been deprecated. Please switch to not_valid_after_utc.
  expiry = cert.not_valid_after.replace(tzinfo=timezone.utc)
[WARN] xmlsec1 non trovato, skip firma
--- ERRORI in metadata/c_e885__07057670726.xml ---
[1.5.2] OrgName deve avere almeno 'it' e 'en' ❌
[1.5.5] OrgDisplayName deve avere almeno 'it' e 'en' ❌
[1.5.8] OrgURL deve avere almeno 'it' e 'en' ❌
/home/runner/work/spid-registry-repo/spid-registry-repo/scripts/validate_metadata_qad.py:84: CryptographyDeprecationWarning: Properties that return a naïve datetime object have been deprecated. Please switch to not_valid_after_utc.
  expiry = cert.not_valid_after.replace(tzinfo=timezone.utc)
[WARN] xmlsec1 non trovato, skip firma
--- ERRORI in metadata/c_e887__03393760719.xml ---
[1.5.2] OrgName deve avere almeno 'it' e 'en' ❌
[1.5.5] OrgDisplayName deve avere almeno 'it' e 'en' ❌
[1.5.8] OrgURL deve avere almeno 'it' e 'en' ❌
/home/runner/work/spid-registry-repo/spid-registry-repo/scripts/validate_metadata_qad.py:84: CryptographyDeprecationWarning: Properties that return a naïve datetime object have been deprecated. Please switch to not_valid_after_utc.
  expiry = cert.not_valid_after.replace(tzinfo=timezone.utc)
[WARN] xmlsec1 non trovato, skip firma
--- ERRORI in metadata/c_e980__03789750100.xml ---
[1.5.2] OrgName deve avere almeno 'it' e 'en' ❌
[1.5.5] OrgDisplayName deve avere almeno 'it' e 'en' ❌
[1.5.8] OrgURL deve avere almeno 'it' e 'en' ❌
[Cert 2] Certificato scaduto il 2025-01-31 11:37:18+00:00 ❌
/home/runner/work/spid-registry-repo/spid-registry-repo/scripts/validate_metadata_qad.py:84: CryptographyDeprecationWarning: Properties that return a naïve datetime object have been deprecated. Please switch to not_valid_after_utc.
  expiry = cert.not_valid_after.replace(tzinfo=timezone.utc)
[WARN] xmlsec1 non trovato, skip firma
--- ERRORI in metadata/c_f010__03393760719.xml ---
[1.5.2] OrgName deve avere almeno 'it' e 'en' ❌
[1.5.5] OrgDisplayName deve avere almeno 'it' e 'en' ❌
[1.5.8] OrgURL deve avere almeno 'it' e 'en' ❌
/home/runner/work/spid-registry-repo/spid-registry-repo/scripts/validate_metadata_qad.py:84: CryptographyDeprecationWarning: Properties that return a naïve datetime object have been deprecated. Please switch to not_valid_after_utc.
  expiry = cert.not_valid_after.replace(tzinfo=timezone.utc)
[WARN] xmlsec1 non trovato, skip firma
--- ERRORI in metadata/c_f011.xml ---
[1.5.2] OrgName deve avere almeno 'it' e 'en' ❌
[1.5.5] OrgDisplayName deve avere almeno 'it' e 'en' ❌
[1.5.8] OrgURL deve avere almeno 'it' e 'en' ❌
/home/runner/work/spid-registry-repo/spid-registry-repo/scripts/validate_metadata_qad.py:84: CryptographyDeprecationWarning: Properties that return a naïve datetime object have been deprecated. Please switch to not_valid_after_utc.
  expiry = cert.not_valid_after.replace(tzinfo=timezone.utc)
[WARN] xmlsec1 non trovato, skip firma
--- ERRORI in metadata/c_f012.xml ---
[1.5.2] OrgName deve avere almeno 'it' e 'en' ❌
[1.5.5] OrgDisplayName deve avere almeno 'it' e 'en' ❌
[1.5.8] OrgURL deve avere almeno 'it' e 'en' ❌
[Cert 4] Errore parsing certificato: error parsing asn1 value: ParseError { kind: ShortData { needed: 568 } }
[Cert 5] Errore parsing certificato: error parsing asn1 value: ParseError { kind: ShortData { needed: 568 } }
/home/runner/work/spid-registry-repo/spid-registry-repo/scripts/validate_metadata_qad.py:84: CryptographyDeprecationWarning: Properties that return a naïve datetime object have been deprecated. Please switch to not_valid_after_utc.
  expiry = cert.not_valid_after.replace(tzinfo=timezone.utc)
[WARN] xmlsec1 non trovato, skip firma
--- ERRORI in metadata/c_f012__0935554096.xml ---
[1.5.2] OrgName deve avere almeno 'it' e 'en' ❌
[1.5.5] OrgDisplayName deve avere almeno 'it' e 'en' ❌
[1.5.8] OrgURL deve avere almeno 'it' e 'en' ❌
/home/runner/work/spid-registry-repo/spid-registry-repo/scripts/validate_metadata_qad.py:84: CryptographyDeprecationWarning: Properties that return a naïve datetime object have been deprecated. Please switch to not_valid_after_utc.
  expiry = cert.not_valid_after.replace(tzinfo=timezone.utc)
[WARN] xmlsec1 non trovato, skip firma
--- ERRORI in metadata/c_f016.xml ---
[1.5.2] OrgName deve avere almeno 'it' e 'en' ❌
[1.5.5] OrgDisplayName deve avere almeno 'it' e 'en' ❌
[1.5.8] OrgURL deve avere almeno 'it' e 'en' ❌
/home/runner/work/spid-registry-repo/spid-registry-repo/scripts/validate_metadata_qad.py:84: CryptographyDeprecationWarning: Properties that return a naïve datetime object have been deprecated. Please switch to not_valid_after_utc.
  expiry = cert.not_valid_after.replace(tzinfo=timezone.utc)
[WARN] xmlsec1 non trovato, skip firma
--- ERRORI in metadata/c_f027__03393760719.xml ---
[1.5.2] OrgName deve avere almeno 'it' e 'en' ❌
[1.5.5] OrgDisplayName deve avere almeno 'it' e 'en' ❌
[1.5.8] OrgURL deve avere almeno 'it' e 'en' ❌
/home/runner/work/spid-registry-repo/spid-registry-repo/scripts/validate_metadata_qad.py:84: CryptographyDeprecationWarning: Properties that return a naïve datetime object have been deprecated. Please switch to not_valid_after_utc.
  expiry = cert.not_valid_after.replace(tzinfo=timezone.utc)
[WARN] xmlsec1 non trovato, skip firma
--- ERRORI in metadata/c_f028.xml ---
[1.5.2] OrgName deve avere almeno 'it' e 'en' ❌
[1.5.5] OrgDisplayName deve avere almeno 'it' e 'en' ❌
[1.5.8] OrgURL deve avere almeno 'it' e 'en' ❌
[Cert 4] Certificato scaduto il 2022-06-17 15:03:53+00:00 ❌
[Cert 5] Certificato scaduto il 2022-06-17 15:03:53+00:00 ❌
/home/runner/work/spid-registry-repo/spid-registry-repo/scripts/validate_metadata_qad.py:84: CryptographyDeprecationWarning: Properties that return a naïve datetime object have been deprecated. Please switch to not_valid_after_utc.
  expiry = cert.not_valid_after.replace(tzinfo=timezone.utc)
[WARN] xmlsec1 non trovato, skip firma
--- ERRORI in metadata/c_f065.xml ---
[1.5.2] OrgName deve avere almeno 'it' e 'en' ❌
[1.5.5] OrgDisplayName deve avere almeno 'it' e 'en' ❌
[1.5.8] OrgURL deve avere almeno 'it' e 'en' ❌
/home/runner/work/spid-registry-repo/spid-registry-repo/scripts/validate_metadata_qad.py:84: CryptographyDeprecationWarning: Properties that return a naïve datetime object have been deprecated. Please switch to not_valid_after_utc.
  expiry = cert.not_valid_after.replace(tzinfo=timezone.utc)
[WARN] xmlsec1 non trovato, skip firma
--- ERRORI in metadata/c_f182__03393760719.xml ---
[1.5.2] OrgName deve avere almeno 'it' e 'en' ❌
[1.5.5] OrgDisplayName deve avere almeno 'it' e 'en' ❌
[1.5.8] OrgURL deve avere almeno 'it' e 'en' ❌
/home/runner/work/spid-registry-repo/spid-registry-repo/scripts/validate_metadata_qad.py:84: CryptographyDeprecationWarning: Properties that return a naïve datetime object have been deprecated. Please switch to not_valid_after_utc.
  expiry = cert.not_valid_after.replace(tzinfo=timezone.utc)
[WARN] xmlsec1 non trovato, skip firma
--- ERRORI in metadata/c_f322__03789750100.xml ---
[1.5.2] OrgName deve avere almeno 'it' e 'en' ❌
[1.5.5] OrgDisplayName deve avere almeno 'it' e 'en' ❌
[1.5.8] OrgURL deve avere almeno 'it' e 'en' ❌
[Cert 2] Certificato scaduto il 2025-01-27 15:01:20+00:00 ❌
/home/runner/work/spid-registry-repo/spid-registry-repo/scripts/validate_metadata_qad.py:84: CryptographyDeprecationWarning: Properties that return a naïve datetime object have been deprecated. Please switch to not_valid_after_utc.
  expiry = cert.not_valid_after.replace(tzinfo=timezone.utc)
[WARN] xmlsec1 non trovato, skip firma
--- ERRORI in metadata/c_f335.xml ---
[1.5.2] OrgName deve avere almeno 'it' e 'en' ❌
[1.5.5] OrgDisplayName deve avere almeno 'it' e 'en' ❌
[1.5.8] OrgURL deve avere almeno 'it' e 'en' ❌
[Cert 5] Certificato scaduto il 2022-02-23 11:51:13+00:00 ❌
[WARN] xmlsec1 non trovato, skip firma
--- ERRORI in metadata/c_f419.xml ---
[1.5.2] OrgName deve avere almeno 'it' e 'en' ❌
[1.5.5] OrgDisplayName deve avere almeno 'it' e 'en' ❌
[1.5.8] OrgURL deve avere almeno 'it' e 'en' ❌
[Cert 1] Errore parsing certificato: error parsing asn1 value: ParseError { kind: InvalidValue, location: [2, 0, "AttributeTypeValue::value", "AttributeValue::PrintableString"] }
[Cert 2] Errore parsing certificato: error parsing asn1 value: ParseError { kind: InvalidValue, location: [2, 0, "AttributeTypeValue::value", "AttributeValue::PrintableString"] }
/home/runner/work/spid-registry-repo/spid-registry-repo/scripts/validate_metadata_qad.py:84: CryptographyDeprecationWarning: Properties that return a naïve datetime object have been deprecated. Please switch to not_valid_after_utc.
  expiry = cert.not_valid_after.replace(tzinfo=timezone.utc)
[WARN] xmlsec1 non trovato, skip firma
--- ERRORI in metadata/c_f443.xml ---
[1.5.2] OrgName deve avere almeno 'it' e 'en' ❌
[1.5.5] OrgDisplayName deve avere almeno 'it' e 'en' ❌
[1.5.8] OrgURL deve avere almeno 'it' e 'en' ❌
/home/runner/work/spid-registry-repo/spid-registry-repo/scripts/validate_metadata_qad.py:84: CryptographyDeprecationWarning: Properties that return a naïve datetime object have been deprecated. Please switch to not_valid_after_utc.
  expiry = cert.not_valid_after.replace(tzinfo=timezone.utc)
[WARN] xmlsec1 non trovato, skip firma
--- ERRORI in metadata/c_f488__IT11311050964.xml ---
[1.5.2] OrgName deve avere almeno 'it' e 'en' ❌
[1.5.5] OrgDisplayName deve avere almeno 'it' e 'en' ❌
[1.5.8] OrgURL deve avere almeno 'it' e 'en' ❌
/home/runner/work/spid-registry-repo/spid-registry-repo/scripts/validate_metadata_qad.py:84: CryptographyDeprecationWarning: Properties that return a naïve datetime object have been deprecated. Please switch to not_valid_after_utc.
  expiry = cert.not_valid_after.replace(tzinfo=timezone.utc)
[WARN] xmlsec1 non trovato, skip firma
--- ERRORI in metadata/c_f501__02066400405.xml ---
[1.5.2] OrgName deve avere almeno 'it' e 'en' ❌
[1.5.5] OrgDisplayName deve avere almeno 'it' e 'en' ❌
[1.5.8] OrgURL deve avere almeno 'it' e 'en' ❌
/home/runner/work/spid-registry-repo/spid-registry-repo/scripts/validate_metadata_qad.py:84: CryptographyDeprecationWarning: Properties that return a naïve datetime object have been deprecated. Please switch to not_valid_after_utc.
  expiry = cert.not_valid_after.replace(tzinfo=timezone.utc)
[WARN] xmlsec1 non trovato, skip firma
--- ERRORI in metadata/c_f515.xml ---
[1.5.2] OrgName deve avere almeno 'it' e 'en' ❌
[1.5.5] OrgDisplayName deve avere almeno 'it' e 'en' ❌
[1.5.8] OrgURL deve avere almeno 'it' e 'en' ❌
/home/runner/work/spid-registry-repo/spid-registry-repo/scripts/validate_metadata_qad.py:84: CryptographyDeprecationWarning: Properties that return a naïve datetime object have been deprecated. Please switch to not_valid_after_utc.
  expiry = cert.not_valid_after.replace(tzinfo=timezone.utc)
[WARN] xmlsec1 non trovato, skip firma
--- ERRORI in metadata/c_f606.xml ---
[1.5.2] OrgName deve avere almeno 'it' e 'en' ❌
[1.5.5] OrgDisplayName deve avere almeno 'it' e 'en' ❌
[1.5.8] OrgURL deve avere almeno 'it' e 'en' ❌
/home/runner/work/spid-registry-repo/spid-registry-repo/scripts/validate_metadata_qad.py:84: CryptographyDeprecationWarning: Properties that return a naïve datetime object have been deprecated. Please switch to not_valid_after_utc.
  expiry = cert.not_valid_after.replace(tzinfo=timezone.utc)
[WARN] xmlsec1 non trovato, skip firma
--- ERRORI in metadata/c_f662__0935554096.xml ---
[1.5.2] OrgName deve avere almeno 'it' e 'en' ❌
[1.5.5] OrgDisplayName deve avere almeno 'it' e 'en' ❌
[1.5.8] OrgURL deve avere almeno 'it' e 'en' ❌
/home/runner/work/spid-registry-repo/spid-registry-repo/scripts/validate_metadata_qad.py:84: CryptographyDeprecationWarning: Properties that return a naïve datetime object have been deprecated. Please switch to not_valid_after_utc.
  expiry = cert.not_valid_after.replace(tzinfo=timezone.utc)
[WARN] xmlsec1 non trovato, skip firma
--- ERRORI in metadata/c_f720__03743021218.xml ---
[1.5.2] OrgName deve avere almeno 'it' e 'en' ❌
[1.5.5] OrgDisplayName deve avere almeno 'it' e 'en' ❌
[1.5.8] OrgURL deve avere almeno 'it' e 'en' ❌
/home/runner/work/spid-registry-repo/spid-registry-repo/scripts/validate_metadata_qad.py:84: CryptographyDeprecationWarning: Properties that return a naïve datetime object have been deprecated. Please switch to not_valid_after_utc.
  expiry = cert.not_valid_after.replace(tzinfo=timezone.utc)
[WARN] xmlsec1 non trovato, skip firma
--- ERRORI in metadata/c_f857__01850570746.xml ---
[1.5.2] OrgName deve avere almeno 'it' e 'en' ❌
[1.5.5] OrgDisplayName deve avere almeno 'it' e 'en' ❌
[1.5.8] OrgURL deve avere almeno 'it' e 'en' ❌
/home/runner/work/spid-registry-repo/spid-registry-repo/scripts/validate_metadata_qad.py:84: CryptographyDeprecationWarning: Properties that return a naïve datetime object have been deprecated. Please switch to not_valid_after_utc.
  expiry = cert.not_valid_after.replace(tzinfo=timezone.utc)
[WARN] xmlsec1 non trovato, skip firma
--- ERRORI in metadata/c_f904.xml ---
[1.5.2] OrgName deve avere almeno 'it' e 'en' ❌
[1.5.5] OrgDisplayName deve avere almeno 'it' e 'en' ❌
[1.5.8] OrgURL deve avere almeno 'it' e 'en' ❌
[Cert 4] Certificato scaduto il 2022-06-21 14:28:33+00:00 ❌
[Cert 5] Certificato scaduto il 2022-06-21 14:28:33+00:00 ❌
/home/runner/work/spid-registry-repo/spid-registry-repo/scripts/validate_metadata_qad.py:84: CryptographyDeprecationWarning: Properties that return a naïve datetime object have been deprecated. Please switch to not_valid_after_utc.
  expiry = cert.not_valid_after.replace(tzinfo=timezone.utc)
[WARN] xmlsec1 non trovato, skip firma
--- ERRORI in metadata/c_f931__03393760719.xml ---
[1.5.2] OrgName deve avere almeno 'it' e 'en' ❌
[1.5.5] OrgDisplayName deve avere almeno 'it' e 'en' ❌
[1.5.8] OrgURL deve avere almeno 'it' e 'en' ❌
/home/runner/work/spid-registry-repo/spid-registry-repo/scripts/validate_metadata_qad.py:84: CryptographyDeprecationWarning: Properties that return a naïve datetime object have been deprecated. Please switch to not_valid_after_utc.
  expiry = cert.not_valid_after.replace(tzinfo=timezone.utc)
[WARN] xmlsec1 non trovato, skip firma
--- ERRORI in metadata/c_f955__03743021218.xml ---
[1.5.2] OrgName deve avere almeno 'it' e 'en' ❌
[1.5.5] OrgDisplayName deve avere almeno 'it' e 'en' ❌
[1.5.8] OrgURL deve avere almeno 'it' e 'en' ❌
/home/runner/work/spid-registry-repo/spid-registry-repo/scripts/validate_metadata_qad.py:84: CryptographyDeprecationWarning: Properties that return a naïve datetime object have been deprecated. Please switch to not_valid_after_utc.
  expiry = cert.not_valid_after.replace(tzinfo=timezone.utc)
[WARN] xmlsec1 non trovato, skip firma
--- ERRORI in metadata/c_f958__02066400405.xml ---
[1.5.2] OrgName deve avere almeno 'it' e 'en' ❌
[1.5.5] OrgDisplayName deve avere almeno 'it' e 'en' ❌
[1.5.8] OrgURL deve avere almeno 'it' e 'en' ❌
/home/runner/work/spid-registry-repo/spid-registry-repo/scripts/validate_metadata_qad.py:84: CryptographyDeprecationWarning: Properties that return a naïve datetime object have been deprecated. Please switch to not_valid_after_utc.
  expiry = cert.not_valid_after.replace(tzinfo=timezone.utc)
[WARN] xmlsec1 non trovato, skip firma
✅ metadata/c_fu3v.xml valido secondo QAD
/home/runner/work/spid-registry-repo/spid-registry-repo/scripts/validate_metadata_qad.py:84: CryptographyDeprecationWarning: Properties that return a naïve datetime object have been deprecated. Please switch to not_valid_after_utc.
  expiry = cert.not_valid_after.replace(tzinfo=timezone.utc)
[WARN] xmlsec1 non trovato, skip firma
--- ERRORI in metadata/c_g143.xml ---
[1.5.2] OrgName deve avere almeno 'it' e 'en' ❌
[1.5.5] OrgDisplayName deve avere almeno 'it' e 'en' ❌
[1.5.8] OrgURL deve avere almeno 'it' e 'en' ❌
[Cert 1] Certificato scaduto il 2024-02-18 10:37:47+00:00 ❌
[Cert 2] Certificato scaduto il 2024-02-18 10:37:47+00:00 ❌
[Cert 3] Certificato scaduto il 2024-02-18 10:37:47+00:00 ❌
/home/runner/work/spid-registry-repo/spid-registry-repo/scripts/validate_metadata_qad.py:84: CryptographyDeprecationWarning: Properties that return a naïve datetime object have been deprecated. Please switch to not_valid_after_utc.
  expiry = cert.not_valid_after.replace(tzinfo=timezone.utc)
[WARN] xmlsec1 non trovato, skip firma
--- ERRORI in metadata/c_g143__06628860964.xml ---
[1.5.2] OrgName deve avere almeno 'it' e 'en' ❌
[1.5.5] OrgDisplayName deve avere almeno 'it' e 'en' ❌
[1.5.8] OrgURL deve avere almeno 'it' e 'en' ❌
/home/runner/work/spid-registry-repo/spid-registry-repo/scripts/validate_metadata_qad.py:84: CryptographyDeprecationWarning: Properties that return a naïve datetime object have been deprecated. Please switch to not_valid_after_utc.
  expiry = cert.not_valid_after.replace(tzinfo=timezone.utc)
[WARN] xmlsec1 non trovato, skip firma
--- ERRORI in metadata/c_g167__01239400391.xml ---
[1.5.2] OrgName deve avere almeno 'it' e 'en' ❌
[1.5.5] OrgDisplayName deve avere almeno 'it' e 'en' ❌
[1.5.8] OrgURL deve avere almeno 'it' e 'en' ❌
/home/runner/work/spid-registry-repo/spid-registry-repo/scripts/validate_metadata_qad.py:84: CryptographyDeprecationWarning: Properties that return a naïve datetime object have been deprecated. Please switch to not_valid_after_utc.
  expiry = cert.not_valid_after.replace(tzinfo=timezone.utc)
[WARN] xmlsec1 non trovato, skip firma
--- ERRORI in metadata/c_g170.xml ---
[1.5.2] OrgName deve avere almeno 'it' e 'en' ❌
[1.5.5] OrgDisplayName deve avere almeno 'it' e 'en' ❌
[1.5.8] OrgURL deve avere almeno 'it' e 'en' ❌
/home/runner/work/spid-registry-repo/spid-registry-repo/scripts/validate_metadata_qad.py:84: CryptographyDeprecationWarning: Properties that return a naïve datetime object have been deprecated. Please switch to not_valid_after_utc.
  expiry = cert.not_valid_after.replace(tzinfo=timezone.utc)
[WARN] xmlsec1 non trovato, skip firma
--- ERRORI in metadata/c_g202.xml ---
[1.5.2] OrgName deve avere almeno 'it' e 'en' ❌
[1.5.5] OrgDisplayName deve avere almeno 'it' e 'en' ❌
[1.5.8] OrgURL deve avere almeno 'it' e 'en' ❌
/home/runner/work/spid-registry-repo/spid-registry-repo/scripts/validate_metadata_qad.py:84: CryptographyDeprecationWarning: Properties that return a naïve datetime object have been deprecated. Please switch to not_valid_after_utc.
  expiry = cert.not_valid_after.replace(tzinfo=timezone.utc)
[WARN] xmlsec1 non trovato, skip firma
--- ERRORI in metadata/c_g203__02066400405.xml ---
[1.5.2] OrgName deve avere almeno 'it' e 'en' ❌
[1.5.5] OrgDisplayName deve avere almeno 'it' e 'en' ❌
[1.5.8] OrgURL deve avere almeno 'it' e 'en' ❌
/home/runner/work/spid-registry-repo/spid-registry-repo/scripts/validate_metadata_qad.py:84: CryptographyDeprecationWarning: Properties that return a naïve datetime object have been deprecated. Please switch to not_valid_after_utc.
  expiry = cert.not_valid_after.replace(tzinfo=timezone.utc)
[WARN] xmlsec1 non trovato, skip firma
--- ERRORI in metadata/c_g261.xml ---
[1.5.2] OrgName deve avere almeno 'it' e 'en' ❌
[1.5.5] OrgDisplayName deve avere almeno 'it' e 'en' ❌
[1.5.8] OrgURL deve avere almeno 'it' e 'en' ❌
[Cert 1] Certificato scaduto il 2024-02-08 13:59:19+00:00 ❌
[Cert 2] Certificato scaduto il 2024-02-08 13:59:19+00:00 ❌
[Cert 3] Certificato scaduto il 2024-02-08 13:59:19+00:00 ❌
/home/runner/work/spid-registry-repo/spid-registry-repo/scripts/validate_metadata_qad.py:84: CryptographyDeprecationWarning: Properties that return a naïve datetime object have been deprecated. Please switch to not_valid_after_utc.
  expiry = cert.not_valid_after.replace(tzinfo=timezone.utc)
[WARN] xmlsec1 non trovato, skip firma
--- ERRORI in metadata/c_g264__03393760719.xml ---
[1.5.2] OrgName deve avere almeno 'it' e 'en' ❌
[1.5.5] OrgDisplayName deve avere almeno 'it' e 'en' ❌
[1.5.8] OrgURL deve avere almeno 'it' e 'en' ❌
/home/runner/work/spid-registry-repo/spid-registry-repo/scripts/validate_metadata_qad.py:84: CryptographyDeprecationWarning: Properties that return a naïve datetime object have been deprecated. Please switch to not_valid_after_utc.
  expiry = cert.not_valid_after.replace(tzinfo=timezone.utc)
[WARN] xmlsec1 non trovato, skip firma
--- ERRORI in metadata/c_g283__02066400405.xml ---
[1.5.2] OrgName deve avere almeno 'it' e 'en' ❌
[1.5.5] OrgDisplayName deve avere almeno 'it' e 'en' ❌
[1.5.8] OrgURL deve avere almeno 'it' e 'en' ❌
/home/runner/work/spid-registry-repo/spid-registry-repo/scripts/validate_metadata_qad.py:84: CryptographyDeprecationWarning: Properties that return a naïve datetime object have been deprecated. Please switch to not_valid_after_utc.
  expiry = cert.not_valid_after.replace(tzinfo=timezone.utc)
[WARN] xmlsec1 non trovato, skip firma
--- ERRORI in metadata/c_g311__03393760719.xml ---
[1.5.2] OrgName deve avere almeno 'it' e 'en' ❌
[1.5.5] OrgDisplayName deve avere almeno 'it' e 'en' ❌
[1.5.8] OrgURL deve avere almeno 'it' e 'en' ❌
/home/runner/work/spid-registry-repo/spid-registry-repo/scripts/validate_metadata_qad.py:84: CryptographyDeprecationWarning: Properties that return a naïve datetime object have been deprecated. Please switch to not_valid_after_utc.
  expiry = cert.not_valid_after.replace(tzinfo=timezone.utc)
[WARN] xmlsec1 non trovato, skip firma
✅ metadata/c_g364.xml valido secondo QAD
/home/runner/work/spid-registry-repo/spid-registry-repo/scripts/validate_metadata_qad.py:84: CryptographyDeprecationWarning: Properties that return a naïve datetime object have been deprecated. Please switch to not_valid_after_utc.
  expiry = cert.not_valid_after.replace(tzinfo=timezone.utc)
[WARN] xmlsec1 non trovato, skip firma
--- ERRORI in metadata/c_g463__02066400405.xml ---
[1.5.2] OrgName deve avere almeno 'it' e 'en' ❌
[1.5.5] OrgDisplayName deve avere almeno 'it' e 'en' ❌
[1.5.8] OrgURL deve avere almeno 'it' e 'en' ❌
/home/runner/work/spid-registry-repo/spid-registry-repo/scripts/validate_metadata_qad.py:84: CryptographyDeprecationWarning: Properties that return a naïve datetime object have been deprecated. Please switch to not_valid_after_utc.
  expiry = cert.not_valid_after.replace(tzinfo=timezone.utc)
[WARN] xmlsec1 non trovato, skip firma
--- ERRORI in metadata/c_g463__03393760719.xml ---
[1.5.2] OrgName deve avere almeno 'it' e 'en' ❌
[1.5.5] OrgDisplayName deve avere almeno 'it' e 'en' ❌
[1.5.8] OrgURL deve avere almeno 'it' e 'en' ❌
/home/runner/work/spid-registry-repo/spid-registry-repo/scripts/validate_metadata_qad.py:84: CryptographyDeprecationWarning: Properties that return a naïve datetime object have been deprecated. Please switch to not_valid_after_utc.
  expiry = cert.not_valid_after.replace(tzinfo=timezone.utc)
[WARN] xmlsec1 non trovato, skip firma
--- ERRORI in metadata/c_g474.xml ---
[1.5.2] OrgName deve avere almeno 'it' e 'en' ❌
[1.5.5] OrgDisplayName deve avere almeno 'it' e 'en' ❌
[1.5.8] OrgURL deve avere almeno 'it' e 'en' ❌
[Cert 1] Certificato scaduto il 2024-02-29 13:21:00+00:00 ❌
[Cert 2] Certificato scaduto il 2024-02-29 13:21:00+00:00 ❌
/home/runner/work/spid-registry-repo/spid-registry-repo/scripts/validate_metadata_qad.py:84: CryptographyDeprecationWarning: Properties that return a naïve datetime object have been deprecated. Please switch to not_valid_after_utc.
  expiry = cert.not_valid_after.replace(tzinfo=timezone.utc)
[WARN] xmlsec1 non trovato, skip firma
--- ERRORI in metadata/c_g591__06628860964.xml ---
[1.5.2] OrgName deve avere almeno 'it' e 'en' ❌
[1.5.5] OrgDisplayName deve avere almeno 'it' e 'en' ❌
[1.5.8] OrgURL deve avere almeno 'it' e 'en' ❌
/home/runner/work/spid-registry-repo/spid-registry-repo/scripts/validate_metadata_qad.py:84: CryptographyDeprecationWarning: Properties that return a naïve datetime object have been deprecated. Please switch to not_valid_after_utc.
  expiry = cert.not_valid_after.replace(tzinfo=timezone.utc)
[WARN] xmlsec1 non trovato, skip firma
--- ERRORI in metadata/c_g600.xml ---
[1.5.2] OrgName deve avere almeno 'it' e 'en' ❌
[1.5.5] OrgDisplayName deve avere almeno 'it' e 'en' ❌
[1.5.8] OrgURL deve avere almeno 'it' e 'en' ❌
/home/runner/work/spid-registry-repo/spid-registry-repo/scripts/validate_metadata_qad.py:84: CryptographyDeprecationWarning: Properties that return a naïve datetime object have been deprecated. Please switch to not_valid_after_utc.
  expiry = cert.not_valid_after.replace(tzinfo=timezone.utc)
[WARN] xmlsec1 non trovato, skip firma
--- ERRORI in metadata/c_g628__01818301200.xml ---
[1.5.2] OrgName deve avere almeno 'it' e 'en' ❌
[1.5.5] OrgDisplayName deve avere almeno 'it' e 'en' ❌
[1.5.8] OrgURL deve avere almeno 'it' e 'en' ❌
/home/runner/work/spid-registry-repo/spid-registry-repo/scripts/validate_metadata_qad.py:84: CryptographyDeprecationWarning: Properties that return a naïve datetime object have been deprecated. Please switch to not_valid_after_utc.
  expiry = cert.not_valid_after.replace(tzinfo=timezone.utc)
[WARN] xmlsec1 non trovato, skip firma
--- ERRORI in metadata/c_g680__02947310237.xml ---
[1.5.2] OrgName deve avere almeno 'it' e 'en' ❌
[1.5.5] OrgDisplayName deve avere almeno 'it' e 'en' ❌
[1.5.8] OrgURL deve avere almeno 'it' e 'en' ❌
/home/runner/work/spid-registry-repo/spid-registry-repo/scripts/validate_metadata_qad.py:84: CryptographyDeprecationWarning: Properties that return a naïve datetime object have been deprecated. Please switch to not_valid_after_utc.
  expiry = cert.not_valid_after.replace(tzinfo=timezone.utc)
[WARN] xmlsec1 non trovato, skip firma
--- ERRORI in metadata/c_g684__03393760719.xml ---
[1.5.2] OrgName deve avere almeno 'it' e 'en' ❌
[1.5.5] OrgDisplayName deve avere almeno 'it' e 'en' ❌
[1.5.8] OrgURL deve avere almeno 'it' e 'en' ❌
/home/runner/work/spid-registry-repo/spid-registry-repo/scripts/validate_metadata_qad.py:84: CryptographyDeprecationWarning: Properties that return a naïve datetime object have been deprecated. Please switch to not_valid_after_utc.
  expiry = cert.not_valid_after.replace(tzinfo=timezone.utc)
[WARN] xmlsec1 non trovato, skip firma
--- ERRORI in metadata/c_g705__03393760719.xml ---
[1.5.2] OrgName deve avere almeno 'it' e 'en' ❌
[1.5.5] OrgDisplayName deve avere almeno 'it' e 'en' ❌
[1.5.8] OrgURL deve avere almeno 'it' e 'en' ❌
/home/runner/work/spid-registry-repo/spid-registry-repo/scripts/validate_metadata_qad.py:84: CryptographyDeprecationWarning: Properties that return a naïve datetime object have been deprecated. Please switch to not_valid_after_utc.
  expiry = cert.not_valid_after.replace(tzinfo=timezone.utc)
[WARN] xmlsec1 non trovato, skip firma
--- ERRORI in metadata/c_g752__01818301200.xml ---
[1.5.2] OrgName deve avere almeno 'it' e 'en' ❌
[1.5.5] OrgDisplayName deve avere almeno 'it' e 'en' ❌
[1.5.8] OrgURL deve avere almeno 'it' e 'en' ❌
/home/runner/work/spid-registry-repo/spid-registry-repo/scripts/validate_metadata_qad.py:84: CryptographyDeprecationWarning: Properties that return a naïve datetime object have been deprecated. Please switch to not_valid_after_utc.
  expiry = cert.not_valid_after.replace(tzinfo=timezone.utc)
[WARN] xmlsec1 non trovato, skip firma
--- ERRORI in metadata/c_g780__02947310237.xml ---
[1.5.2] OrgName deve avere almeno 'it' e 'en' ❌
[1.5.5] OrgDisplayName deve avere almeno 'it' e 'en' ❌
[1.5.8] OrgURL deve avere almeno 'it' e 'en' ❌
/home/runner/work/spid-registry-repo/spid-registry-repo/scripts/validate_metadata_qad.py:84: CryptographyDeprecationWarning: Properties that return a naïve datetime object have been deprecated. Please switch to not_valid_after_utc.
  expiry = cert.not_valid_after.replace(tzinfo=timezone.utc)
[WARN] xmlsec1 non trovato, skip firma
--- ERRORI in metadata/c_g825__01818301200.xml ---
[1.5.2] OrgName deve avere almeno 'it' e 'en' ❌
[1.5.5] OrgDisplayName deve avere almeno 'it' e 'en' ❌
[1.5.8] OrgURL deve avere almeno 'it' e 'en' ❌
/home/runner/work/spid-registry-repo/spid-registry-repo/scripts/validate_metadata_qad.py:84: CryptographyDeprecationWarning: Properties that return a naïve datetime object have been deprecated. Please switch to not_valid_after_utc.
  expiry = cert.not_valid_after.replace(tzinfo=timezone.utc)
[WARN] xmlsec1 non trovato, skip firma
--- ERRORI in metadata/c_g834__01239400391.xml ---
[1.5.2] OrgName deve avere almeno 'it' e 'en' ❌
[1.5.5] OrgDisplayName deve avere almeno 'it' e 'en' ❌
[1.5.8] OrgURL deve avere almeno 'it' e 'en' ❌
/home/runner/work/spid-registry-repo/spid-registry-repo/scripts/validate_metadata_qad.py:84: CryptographyDeprecationWarning: Properties that return a naïve datetime object have been deprecated. Please switch to not_valid_after_utc.
  expiry = cert.not_valid_after.replace(tzinfo=timezone.utc)
[WARN] xmlsec1 non trovato, skip firma
--- ERRORI in metadata/c_g944.xml ---
[1.5.2] OrgName deve avere almeno 'it' e 'en' ❌
[1.5.5] OrgDisplayName deve avere almeno 'it' e 'en' ❌
[1.5.8] OrgURL deve avere almeno 'it' e 'en' ❌
[Cert 3] Certificato scaduto il 2024-02-25 15:59:05+00:00 ❌
/home/runner/work/spid-registry-repo/spid-registry-repo/scripts/validate_metadata_qad.py:84: CryptographyDeprecationWarning: Properties that return a naïve datetime object have been deprecated. Please switch to not_valid_after_utc.
  expiry = cert.not_valid_after.replace(tzinfo=timezone.utc)
[WARN] xmlsec1 non trovato, skip firma
--- ERRORI in metadata/c_g978__03393760719.xml ---
[1.5.2] OrgName deve avere almeno 'it' e 'en' ❌
[1.5.5] OrgDisplayName deve avere almeno 'it' e 'en' ❌
[1.5.8] OrgURL deve avere almeno 'it' e 'en' ❌
/home/runner/work/spid-registry-repo/spid-registry-repo/scripts/validate_metadata_qad.py:84: CryptographyDeprecationWarning: Properties that return a naïve datetime object have been deprecated. Please switch to not_valid_after_utc.
  expiry = cert.not_valid_after.replace(tzinfo=timezone.utc)
[WARN] xmlsec1 non trovato, skip firma
--- ERRORI in metadata/c_h072__03393760719.xml ---
[1.5.2] OrgName deve avere almeno 'it' e 'en' ❌
[1.5.5] OrgDisplayName deve avere almeno 'it' e 'en' ❌
[1.5.8] OrgURL deve avere almeno 'it' e 'en' ❌
/home/runner/work/spid-registry-repo/spid-registry-repo/scripts/validate_metadata_qad.py:84: CryptographyDeprecationWarning: Properties that return a naïve datetime object have been deprecated. Please switch to not_valid_after_utc.
  expiry = cert.not_valid_after.replace(tzinfo=timezone.utc)
[WARN] xmlsec1 non trovato, skip firma
--- ERRORI in metadata/c_h072__IT11311050964.xml ---
[1.5.2] OrgName deve avere almeno 'it' e 'en' ❌
[1.5.5] OrgDisplayName deve avere almeno 'it' e 'en' ❌
[1.5.8] OrgURL deve avere almeno 'it' e 'en' ❌
/home/runner/work/spid-registry-repo/spid-registry-repo/scripts/validate_metadata_qad.py:84: CryptographyDeprecationWarning: Properties that return a naïve datetime object have been deprecated. Please switch to not_valid_after_utc.
  expiry = cert.not_valid_after.replace(tzinfo=timezone.utc)
[WARN] xmlsec1 non trovato, skip firma
--- ERRORI in metadata/c_h077.xml ---
[1.5.2] OrgName deve avere almeno 'it' e 'en' ❌
[1.5.5] OrgDisplayName deve avere almeno 'it' e 'en' ❌
[1.5.8] OrgURL deve avere almeno 'it' e 'en' ❌
[Cert 1] Certificato scaduto il 2024-02-29 13:21:00+00:00 ❌
[Cert 2] Certificato scaduto il 2024-02-29 13:21:00+00:00 ❌
/home/runner/work/spid-registry-repo/spid-registry-repo/scripts/validate_metadata_qad.py:84: CryptographyDeprecationWarning: Properties that return a naïve datetime object have been deprecated. Please switch to not_valid_after_utc.
  expiry = cert.not_valid_after.replace(tzinfo=timezone.utc)
[WARN] xmlsec1 non trovato, skip firma
--- ERRORI in metadata/c_h122__01818301200.xml ---
[1.5.2] OrgName deve avere almeno 'it' e 'en' ❌
[1.5.5] OrgDisplayName deve avere almeno 'it' e 'en' ❌
[1.5.8] OrgURL deve avere almeno 'it' e 'en' ❌
[WARN] xmlsec1 non trovato, skip firma
--- ERRORI in metadata/c_h159.xml ---
[1.5.2] OrgName deve avere almeno 'it' e 'en' ❌
[1.5.5] OrgDisplayName deve avere almeno 'it' e 'en' ❌
[1.5.8] OrgURL deve avere almeno 'it' e 'en' ❌
[Cert 1] Errore parsing certificato: error parsing asn1 value: ParseError { kind: InvalidValue, location: [2, 0, "AttributeTypeValue::value", "AttributeValue::PrintableString"] }
[Cert 2] Errore parsing certificato: error parsing asn1 value: ParseError { kind: InvalidValue, location: [2, 0, "AttributeTypeValue::value", "AttributeValue::PrintableString"] }
/home/runner/work/spid-registry-repo/spid-registry-repo/scripts/validate_metadata_qad.py:84: CryptographyDeprecationWarning: Properties that return a naïve datetime object have been deprecated. Please switch to not_valid_after_utc.
  expiry = cert.not_valid_after.replace(tzinfo=timezone.utc)
[WARN] xmlsec1 non trovato, skip firma
--- ERRORI in metadata/c_h185.xml ---
[1.5.2] OrgName deve avere almeno 'it' e 'en' ❌
[1.5.5] OrgDisplayName deve avere almeno 'it' e 'en' ❌
[1.5.8] OrgURL deve avere almeno 'it' e 'en' ❌
[Cert 3] Errore parsing certificato: error parsing asn1 value: ParseError { kind: ShortData { needed: 1 } }
/home/runner/work/spid-registry-repo/spid-registry-repo/scripts/validate_metadata_qad.py:84: CryptographyDeprecationWarning: Properties that return a naïve datetime object have been deprecated. Please switch to not_valid_after_utc.
  expiry = cert.not_valid_after.replace(tzinfo=timezone.utc)
[WARN] xmlsec1 non trovato, skip firma
--- ERRORI in metadata/c_h225__02066400405.xml ---
[1.5.2] OrgName deve avere almeno 'it' e 'en' ❌
[1.5.5] OrgDisplayName deve avere almeno 'it' e 'en' ❌
[1.5.8] OrgURL deve avere almeno 'it' e 'en' ❌
/home/runner/work/spid-registry-repo/spid-registry-repo/scripts/validate_metadata_qad.py:84: CryptographyDeprecationWarning: Properties that return a naïve datetime object have been deprecated. Please switch to not_valid_after_utc.
  expiry = cert.not_valid_after.replace(tzinfo=timezone.utc)
[WARN] xmlsec1 non trovato, skip firma
--- ERRORI in metadata/c_h228.xml ---
[1.5.2] OrgName deve avere almeno 'it' e 'en' ❌
[1.5.5] OrgDisplayName deve avere almeno 'it' e 'en' ❌
[1.5.8] OrgURL deve avere almeno 'it' e 'en' ❌
[Cert 1] Certificato scaduto il 2024-03-20 15:18:41+00:00 ❌
[Cert 2] Certificato scaduto il 2024-03-20 15:18:41+00:00 ❌
/home/runner/work/spid-registry-repo/spid-registry-repo/scripts/validate_metadata_qad.py:84: CryptographyDeprecationWarning: Properties that return a naïve datetime object have been deprecated. Please switch to not_valid_after_utc.
  expiry = cert.not_valid_after.replace(tzinfo=timezone.utc)
[WARN] xmlsec1 non trovato, skip firma
--- ERRORI in metadata/c_h235__03393760719.xml ---
[1.5.2] OrgName deve avere almeno 'it' e 'en' ❌
[1.5.5] OrgDisplayName deve avere almeno 'it' e 'en' ❌
[1.5.8] OrgURL deve avere almeno 'it' e 'en' ❌
/home/runner/work/spid-registry-repo/spid-registry-repo/scripts/validate_metadata_qad.py:84: CryptographyDeprecationWarning: Properties that return a naïve datetime object have been deprecated. Please switch to not_valid_after_utc.
  expiry = cert.not_valid_after.replace(tzinfo=timezone.utc)
[WARN] xmlsec1 non trovato, skip firma
✅ metadata/c_h274__02770891204.xml valido secondo QAD
/home/runner/work/spid-registry-repo/spid-registry-repo/scripts/validate_metadata_qad.py:84: CryptographyDeprecationWarning: Properties that return a naïve datetime object have been deprecated. Please switch to not_valid_after_utc.
  expiry = cert.not_valid_after.replace(tzinfo=timezone.utc)
[WARN] xmlsec1 non trovato, skip firma
--- ERRORI in metadata/c_h350.xml ---
[1.5.2] OrgName deve avere almeno 'it' e 'en' ❌
[1.5.5] OrgDisplayName deve avere almeno 'it' e 'en' ❌
[1.5.8] OrgURL deve avere almeno 'it' e 'en' ❌
/home/runner/work/spid-registry-repo/spid-registry-repo/scripts/validate_metadata_qad.py:84: CryptographyDeprecationWarning: Properties that return a naïve datetime object have been deprecated. Please switch to not_valid_after_utc.
  expiry = cert.not_valid_after.replace(tzinfo=timezone.utc)
[WARN] xmlsec1 non trovato, skip firma
--- ERRORI in metadata/c_h369.xml ---
[1.5.2] OrgName deve avere almeno 'it' e 'en' ❌
[1.5.5] OrgDisplayName deve avere almeno 'it' e 'en' ❌
[1.5.8] OrgURL deve avere almeno 'it' e 'en' ❌
[Cert 1] Certificato scaduto il 2024-04-01 08:32:26+00:00 ❌
[Cert 2] Certificato scaduto il 2024-04-01 08:32:26+00:00 ❌
/home/runner/work/spid-registry-repo/spid-registry-repo/scripts/validate_metadata_qad.py:84: CryptographyDeprecationWarning: Properties that return a naïve datetime object have been deprecated. Please switch to not_valid_after_utc.
  expiry = cert.not_valid_after.replace(tzinfo=timezone.utc)
[WARN] xmlsec1 non trovato, skip firma
--- ERRORI in metadata/c_h383.xml ---
[1.5.2] OrgName deve avere almeno 'it' e 'en' ❌
[1.5.5] OrgDisplayName deve avere almeno 'it' e 'en' ❌
[1.5.8] OrgURL deve avere almeno 'it' e 'en' ❌
/home/runner/work/spid-registry-repo/spid-registry-repo/scripts/validate_metadata_qad.py:84: CryptographyDeprecationWarning: Properties that return a naïve datetime object have been deprecated. Please switch to not_valid_after_utc.
  expiry = cert.not_valid_after.replace(tzinfo=timezone.utc)
[WARN] xmlsec1 non trovato, skip firma
--- ERRORI in metadata/c_h422.xml ---
[1.5.2] OrgName deve avere almeno 'it' e 'en' ❌
[1.5.5] OrgDisplayName deve avere almeno 'it' e 'en' ❌
[1.5.8] OrgURL deve avere almeno 'it' e 'en' ❌
/home/runner/work/spid-registry-repo/spid-registry-repo/scripts/validate_metadata_qad.py:84: CryptographyDeprecationWarning: Properties that return a naïve datetime object have been deprecated. Please switch to not_valid_after_utc.
  expiry = cert.not_valid_after.replace(tzinfo=timezone.utc)
[WARN] xmlsec1 non trovato, skip firma
--- ERRORI in metadata/c_h453__03393760719.xml ---
[1.5.2] OrgName deve avere almeno 'it' e 'en' ❌
[1.5.5] OrgDisplayName deve avere almeno 'it' e 'en' ❌
[1.5.8] OrgURL deve avere almeno 'it' e 'en' ❌
/home/runner/work/spid-registry-repo/spid-registry-repo/scripts/validate_metadata_qad.py:84: CryptographyDeprecationWarning: Properties that return a naïve datetime object have been deprecated. Please switch to not_valid_after_utc.
  expiry = cert.not_valid_after.replace(tzinfo=timezone.utc)
[WARN] xmlsec1 non trovato, skip firma
--- ERRORI in metadata/c_h501.xml ---
[1.5.2] OrgName deve avere almeno 'it' e 'en' ❌
[1.5.5] OrgDisplayName deve avere almeno 'it' e 'en' ❌
[1.5.8] OrgURL deve avere almeno 'it' e 'en' ❌
[Cert 1] Certificato scaduto il 2021-07-29 13:31:42+00:00 ❌
[Cert 2] Certificato scaduto il 2021-07-29 13:31:42+00:00 ❌
[Cert 3] Certificato scaduto il 2021-07-29 13:21:30+00:00 ❌
/home/runner/work/spid-registry-repo/spid-registry-repo/scripts/validate_metadata_qad.py:84: CryptographyDeprecationWarning: Properties that return a naïve datetime object have been deprecated. Please switch to not_valid_after_utc.
  expiry = cert.not_valid_after.replace(tzinfo=timezone.utc)
[WARN] xmlsec1 non trovato, skip firma
--- ERRORI in metadata/c_h518__02066400405.xml ---
[1.5.2] OrgName deve avere almeno 'it' e 'en' ❌
[1.5.5] OrgDisplayName deve avere almeno 'it' e 'en' ❌
[1.5.8] OrgURL deve avere almeno 'it' e 'en' ❌
/home/runner/work/spid-registry-repo/spid-registry-repo/scripts/validate_metadata_qad.py:84: CryptographyDeprecationWarning: Properties that return a naïve datetime object have been deprecated. Please switch to not_valid_after_utc.
  expiry = cert.not_valid_after.replace(tzinfo=timezone.utc)
[WARN] xmlsec1 non trovato, skip firma
--- ERRORI in metadata/c_h529__02066400405.xml ---
[1.5.2] OrgName deve avere almeno 'it' e 'en' ❌
[1.5.5] OrgDisplayName deve avere almeno 'it' e 'en' ❌
[1.5.8] OrgURL deve avere almeno 'it' e 'en' ❌
/home/runner/work/spid-registry-repo/spid-registry-repo/scripts/validate_metadata_qad.py:84: CryptographyDeprecationWarning: Properties that return a naïve datetime object have been deprecated. Please switch to not_valid_after_utc.
  expiry = cert.not_valid_after.replace(tzinfo=timezone.utc)
[WARN] xmlsec1 non trovato, skip firma
--- ERRORI in metadata/c_h542.xml ---
[1.5.2] OrgName deve avere almeno 'it' e 'en' ❌
[1.5.5] OrgDisplayName deve avere almeno 'it' e 'en' ❌
[1.5.8] OrgURL deve avere almeno 'it' e 'en' ❌
/home/runner/work/spid-registry-repo/spid-registry-repo/scripts/validate_metadata_qad.py:84: CryptographyDeprecationWarning: Properties that return a naïve datetime object have been deprecated. Please switch to not_valid_after_utc.
  expiry = cert.not_valid_after.replace(tzinfo=timezone.utc)
[WARN] xmlsec1 non trovato, skip firma
--- ERRORI in metadata/c_h609__06423240727.xml ---
[1.5.2] OrgName deve avere almeno 'it' e 'en' ❌
[1.5.5] OrgDisplayName deve avere almeno 'it' e 'en' ❌
[1.5.8] OrgURL deve avere almeno 'it' e 'en' ❌
/home/runner/work/spid-registry-repo/spid-registry-repo/scripts/validate_metadata_qad.py:84: CryptographyDeprecationWarning: Properties that return a naïve datetime object have been deprecated. Please switch to not_valid_after_utc.
  expiry = cert.not_valid_after.replace(tzinfo=timezone.utc)
[WARN] xmlsec1 non trovato, skip firma
--- ERRORI in metadata/c_h650.xml ---
[1.5.2] OrgName deve avere almeno 'it' e 'en' ❌
[1.5.5] OrgDisplayName deve avere almeno 'it' e 'en' ❌
[1.5.8] OrgURL deve avere almeno 'it' e 'en' ❌
[Cert 1] Certificato scaduto il 2024-02-29 13:21:00+00:00 ❌
[Cert 2] Certificato scaduto il 2024-02-29 13:21:00+00:00 ❌
/home/runner/work/spid-registry-repo/spid-registry-repo/scripts/validate_metadata_qad.py:84: CryptographyDeprecationWarning: Properties that return a naïve datetime object have been deprecated. Please switch to not_valid_after_utc.
  expiry = cert.not_valid_after.replace(tzinfo=timezone.utc)
[WARN] xmlsec1 non trovato, skip firma
--- ERRORI in metadata/c_h700__02066400405.xml ---
[1.5.2] OrgName deve avere almeno 'it' e 'en' ❌
[1.5.5] OrgDisplayName deve avere almeno 'it' e 'en' ❌
[1.5.8] OrgURL deve avere almeno 'it' e 'en' ❌
/home/runner/work/spid-registry-repo/spid-registry-repo/scripts/validate_metadata_qad.py:84: CryptographyDeprecationWarning: Properties that return a naïve datetime object have been deprecated. Please switch to not_valid_after_utc.
  expiry = cert.not_valid_after.replace(tzinfo=timezone.utc)
[WARN] xmlsec1 non trovato, skip firma
--- ERRORI in metadata/c_h725__03393760719.xml ---
[1.5.2] OrgName deve avere almeno 'it' e 'en' ❌
[1.5.5] OrgDisplayName deve avere almeno 'it' e 'en' ❌
[1.5.8] OrgURL deve avere almeno 'it' e 'en' ❌
/home/runner/work/spid-registry-repo/spid-registry-repo/scripts/validate_metadata_qad.py:84: CryptographyDeprecationWarning: Properties that return a naïve datetime object have been deprecated. Please switch to not_valid_after_utc.
  expiry = cert.not_valid_after.replace(tzinfo=timezone.utc)
[WARN] xmlsec1 non trovato, skip firma
--- ERRORI in metadata/c_h734__03393760719.xml ---
[1.5.2] OrgName deve avere almeno 'it' e 'en' ❌
[1.5.5] OrgDisplayName deve avere almeno 'it' e 'en' ❌
[1.5.8] OrgURL deve avere almeno 'it' e 'en' ❌
/home/runner/work/spid-registry-repo/spid-registry-repo/scripts/validate_metadata_qad.py:84: CryptographyDeprecationWarning: Properties that return a naïve datetime object have been deprecated. Please switch to not_valid_after_utc.
  expiry = cert.not_valid_after.replace(tzinfo=timezone.utc)
[WARN] xmlsec1 non trovato, skip firma
✅ metadata/c_h772.xml valido secondo QAD
/home/runner/work/spid-registry-repo/spid-registry-repo/scripts/validate_metadata_qad.py:84: CryptographyDeprecationWarning: Properties that return a naïve datetime object have been deprecated. Please switch to not_valid_after_utc.
  expiry = cert.not_valid_after.replace(tzinfo=timezone.utc)
[WARN] xmlsec1 non trovato, skip firma
--- ERRORI in metadata/c_h780__03393760719.xml ---
[1.5.2] OrgName deve avere almeno 'it' e 'en' ❌
[1.5.5] OrgDisplayName deve avere almeno 'it' e 'en' ❌
[1.5.8] OrgURL deve avere almeno 'it' e 'en' ❌
/home/runner/work/spid-registry-repo/spid-registry-repo/scripts/validate_metadata_qad.py:84: CryptographyDeprecationWarning: Properties that return a naïve datetime object have been deprecated. Please switch to not_valid_after_utc.
  expiry = cert.not_valid_after.replace(tzinfo=timezone.utc)
[WARN] xmlsec1 non trovato, skip firma
--- ERRORI in metadata/c_h789__02066400405.xml ---
[1.5.2] OrgName deve avere almeno 'it' e 'en' ❌
[1.5.5] OrgDisplayName deve avere almeno 'it' e 'en' ❌
[1.5.8] OrgURL deve avere almeno 'it' e 'en' ❌
[WARN] xmlsec1 non trovato, skip firma
--- ERRORI in metadata/c_h844.xml ---
[1.5.2] OrgName deve avere almeno 'it' e 'en' ❌
[1.5.5] OrgDisplayName deve avere almeno 'it' e 'en' ❌
[1.5.8] OrgURL deve avere almeno 'it' e 'en' ❌
[Cert 1] Errore parsing certificato: error parsing asn1 value: ParseError { kind: InvalidValue, location: [2, 0, "AttributeTypeValue::value", "AttributeValue::PrintableString"] }
[Cert 2] Errore parsing certificato: error parsing asn1 value: ParseError { kind: InvalidValue, location: [2, 0, "AttributeTypeValue::value", "AttributeValue::PrintableString"] }
/home/runner/work/spid-registry-repo/spid-registry-repo/scripts/validate_metadata_qad.py:84: CryptographyDeprecationWarning: Properties that return a naïve datetime object have been deprecated. Please switch to not_valid_after_utc.
  expiry = cert.not_valid_after.replace(tzinfo=timezone.utc)
[WARN] xmlsec1 non trovato, skip firma
--- ERRORI in metadata/c_h924__01239400391.xml ---
[1.5.2] OrgName deve avere almeno 'it' e 'en' ❌
[1.5.5] OrgDisplayName deve avere almeno 'it' e 'en' ❌
[1.5.8] OrgURL deve avere almeno 'it' e 'en' ❌
/home/runner/work/spid-registry-repo/spid-registry-repo/scripts/validate_metadata_qad.py:84: CryptographyDeprecationWarning: Properties that return a naïve datetime object have been deprecated. Please switch to not_valid_after_utc.
  expiry = cert.not_valid_after.replace(tzinfo=timezone.utc)
[WARN] xmlsec1 non trovato, skip firma
--- ERRORI in metadata/c_h926__02818030369.xml ---
[1.5.2] OrgName deve avere almeno 'it' e 'en' ❌
[1.5.5] OrgDisplayName deve avere almeno 'it' e 'en' ❌
[1.5.8] OrgURL deve avere almeno 'it' e 'en' ❌
/home/runner/work/spid-registry-repo/spid-registry-repo/scripts/validate_metadata_qad.py:84: CryptographyDeprecationWarning: Properties that return a naïve datetime object have been deprecated. Please switch to not_valid_after_utc.
  expiry = cert.not_valid_after.replace(tzinfo=timezone.utc)
[WARN] xmlsec1 non trovato, skip firma
--- ERRORI in metadata/c_h944__02066400405.xml ---
[1.5.2] OrgName deve avere almeno 'it' e 'en' ❌
[1.5.5] OrgDisplayName deve avere almeno 'it' e 'en' ❌
[1.5.8] OrgURL deve avere almeno 'it' e 'en' ❌
/home/runner/work/spid-registry-repo/spid-registry-repo/scripts/validate_metadata_qad.py:84: CryptographyDeprecationWarning: Properties that return a naïve datetime object have been deprecated. Please switch to not_valid_after_utc.
  expiry = cert.not_valid_after.replace(tzinfo=timezone.utc)
[WARN] xmlsec1 non trovato, skip firma
--- ERRORI in metadata/c_h986__IT01727860221.xml ---
[1.5.2] OrgName deve avere almeno 'it' e 'en' ❌
[1.5.5] OrgDisplayName deve avere almeno 'it' e 'en' ❌
[1.5.8] OrgURL deve avere almeno 'it' e 'en' ❌
/home/runner/work/spid-registry-repo/spid-registry-repo/scripts/validate_metadata_qad.py:84: CryptographyDeprecationWarning: Properties that return a naïve datetime object have been deprecated. Please switch to not_valid_after_utc.
  expiry = cert.not_valid_after.replace(tzinfo=timezone.utc)
[WARN] xmlsec1 non trovato, skip firma
✅ metadata/c_i120.xml valido secondo QAD
/home/runner/work/spid-registry-repo/spid-registry-repo/scripts/validate_metadata_qad.py:84: CryptographyDeprecationWarning: Properties that return a naïve datetime object have been deprecated. Please switch to not_valid_after_utc.
  expiry = cert.not_valid_after.replace(tzinfo=timezone.utc)
[WARN] xmlsec1 non trovato, skip firma
--- ERRORI in metadata/c_i281.xml ---
[1.5.2] OrgName deve avere almeno 'it' e 'en' ❌
[1.5.5] OrgDisplayName deve avere almeno 'it' e 'en' ❌
[1.5.8] OrgURL deve avere almeno 'it' e 'en' ❌
/home/runner/work/spid-registry-repo/spid-registry-repo/scripts/validate_metadata_qad.py:84: CryptographyDeprecationWarning: Properties that return a naïve datetime object have been deprecated. Please switch to not_valid_after_utc.
  expiry = cert.not_valid_after.replace(tzinfo=timezone.utc)
[WARN] xmlsec1 non trovato, skip firma
✅ metadata/c_i310__02770891204.xml valido secondo QAD
/home/runner/work/spid-registry-repo/spid-registry-repo/scripts/validate_metadata_qad.py:84: CryptographyDeprecationWarning: Properties that return a naïve datetime object have been deprecated. Please switch to not_valid_after_utc.
  expiry = cert.not_valid_after.replace(tzinfo=timezone.utc)
[WARN] xmlsec1 non trovato, skip firma
--- ERRORI in metadata/c_i324__01239400391.xml ---
[1.5.2] OrgName deve avere almeno 'it' e 'en' ❌
[1.5.5] OrgDisplayName deve avere almeno 'it' e 'en' ❌
[1.5.8] OrgURL deve avere almeno 'it' e 'en' ❌
/home/runner/work/spid-registry-repo/spid-registry-repo/scripts/validate_metadata_qad.py:84: CryptographyDeprecationWarning: Properties that return a naïve datetime object have been deprecated. Please switch to not_valid_after_utc.
  expiry = cert.not_valid_after.replace(tzinfo=timezone.utc)
[WARN] xmlsec1 non trovato, skip firma
✅ metadata/c_i393.xml valido secondo QAD
/home/runner/work/spid-registry-repo/spid-registry-repo/scripts/validate_metadata_qad.py:84: CryptographyDeprecationWarning: Properties that return a naïve datetime object have been deprecated. Please switch to not_valid_after_utc.
  expiry = cert.not_valid_after.replace(tzinfo=timezone.utc)
[WARN] xmlsec1 non trovato, skip firma
--- ERRORI in metadata/c_i461.xml ---
[1.5.2] OrgName deve avere almeno 'it' e 'en' ❌
[1.5.5] OrgDisplayName deve avere almeno 'it' e 'en' ❌
[1.5.8] OrgURL deve avere almeno 'it' e 'en' ❌
/home/runner/work/spid-registry-repo/spid-registry-repo/scripts/validate_metadata_qad.py:84: CryptographyDeprecationWarning: Properties that return a naïve datetime object have been deprecated. Please switch to not_valid_after_utc.
  expiry = cert.not_valid_after.replace(tzinfo=timezone.utc)
[WARN] xmlsec1 non trovato, skip firma
--- ERRORI in metadata/c_i548.xml ---
[1.5.2] OrgName deve avere almeno 'it' e 'en' ❌
[1.5.5] OrgDisplayName deve avere almeno 'it' e 'en' ❌
[1.5.8] OrgURL deve avere almeno 'it' e 'en' ❌
/home/runner/work/spid-registry-repo/spid-registry-repo/scripts/validate_metadata_qad.py:84: CryptographyDeprecationWarning: Properties that return a naïve datetime object have been deprecated. Please switch to not_valid_after_utc.
  expiry = cert.not_valid_after.replace(tzinfo=timezone.utc)
[WARN] xmlsec1 non trovato, skip firma
--- ERRORI in metadata/c_i551__02066400405.xml ---
[1.5.2] OrgName deve avere almeno 'it' e 'en' ❌
[1.5.5] OrgDisplayName deve avere almeno 'it' e 'en' ❌
[1.5.8] OrgURL deve avere almeno 'it' e 'en' ❌
/home/runner/work/spid-registry-repo/spid-registry-repo/scripts/validate_metadata_qad.py:84: CryptographyDeprecationWarning: Properties that return a naïve datetime object have been deprecated. Please switch to not_valid_after_utc.
  expiry = cert.not_valid_after.replace(tzinfo=timezone.utc)
[WARN] xmlsec1 non trovato, skip firma
--- ERRORI in metadata/c_i614.xml ---
[1.5.2] OrgName deve avere almeno 'it' e 'en' ❌
[1.5.5] OrgDisplayName deve avere almeno 'it' e 'en' ❌
[1.5.8] OrgURL deve avere almeno 'it' e 'en' ❌
/home/runner/work/spid-registry-repo/spid-registry-repo/scripts/validate_metadata_qad.py:84: CryptographyDeprecationWarning: Properties that return a naïve datetime object have been deprecated. Please switch to not_valid_after_utc.
  expiry = cert.not_valid_after.replace(tzinfo=timezone.utc)
[WARN] xmlsec1 non trovato, skip firma
--- ERRORI in metadata/c_i647.xml ---
[1.5.2] OrgName deve avere almeno 'it' e 'en' ❌
[1.5.5] OrgDisplayName deve avere almeno 'it' e 'en' ❌
[1.5.8] OrgURL deve avere almeno 'it' e 'en' ❌
[Cert 4] Certificato scaduto il 2024-06-17 10:10:30+00:00 ❌
/home/runner/work/spid-registry-repo/spid-registry-repo/scripts/validate_metadata_qad.py:84: CryptographyDeprecationWarning: Properties that return a naïve datetime object have been deprecated. Please switch to not_valid_after_utc.
  expiry = cert.not_valid_after.replace(tzinfo=timezone.utc)
[WARN] xmlsec1 non trovato, skip firma
--- ERRORI in metadata/c_i695.xml ---
[1.5.2] OrgName deve avere almeno 'it' e 'en' ❌
[1.5.5] OrgDisplayName deve avere almeno 'it' e 'en' ❌
[1.5.8] OrgURL deve avere almeno 'it' e 'en' ❌
[Cert 3] Certificato scaduto il 2024-02-05 14:24:07+00:00 ❌
/home/runner/work/spid-registry-repo/spid-registry-repo/scripts/validate_metadata_qad.py:84: CryptographyDeprecationWarning: Properties that return a naïve datetime object have been deprecated. Please switch to not_valid_after_utc.
  expiry = cert.not_valid_after.replace(tzinfo=timezone.utc)
[WARN] xmlsec1 non trovato, skip firma
--- ERRORI in metadata/c_i704.xml ---
[1.5.2] OrgName deve avere almeno 'it' e 'en' ❌
[1.5.5] OrgDisplayName deve avere almeno 'it' e 'en' ❌
[1.5.8] OrgURL deve avere almeno 'it' e 'en' ❌
/home/runner/work/spid-registry-repo/spid-registry-repo/scripts/validate_metadata_qad.py:84: CryptographyDeprecationWarning: Properties that return a naïve datetime object have been deprecated. Please switch to not_valid_after_utc.
  expiry = cert.not_valid_after.replace(tzinfo=timezone.utc)
[WARN] xmlsec1 non trovato, skip firma
--- ERRORI in metadata/c_i726__01818301200.xml ---
[1.5.2] OrgName deve avere almeno 'it' e 'en' ❌
[1.5.5] OrgDisplayName deve avere almeno 'it' e 'en' ❌
[1.5.8] OrgURL deve avere almeno 'it' e 'en' ❌
/home/runner/work/spid-registry-repo/spid-registry-repo/scripts/validate_metadata_qad.py:84: CryptographyDeprecationWarning: Properties that return a naïve datetime object have been deprecated. Please switch to not_valid_after_utc.
  expiry = cert.not_valid_after.replace(tzinfo=timezone.utc)
[WARN] xmlsec1 non trovato, skip firma
--- ERRORI in metadata/c_i799.xml ---
[1.5.2] OrgName deve avere almeno 'it' e 'en' ❌
[1.5.5] OrgDisplayName deve avere almeno 'it' e 'en' ❌
[1.5.8] OrgURL deve avere almeno 'it' e 'en' ❌
[Cert 3] Errore parsing certificato: 'NoneType' object has no attribute 'strip'
/home/runner/work/spid-registry-repo/spid-registry-repo/scripts/validate_metadata_qad.py:84: CryptographyDeprecationWarning: Properties that return a naïve datetime object have been deprecated. Please switch to not_valid_after_utc.
  expiry = cert.not_valid_after.replace(tzinfo=timezone.utc)
[WARN] xmlsec1 non trovato, skip firma
--- ERRORI in metadata/c_i826.xml ---
[1.5.2] OrgName deve avere almeno 'it' e 'en' ❌
[1.5.5] OrgDisplayName deve avere almeno 'it' e 'en' ❌
[1.5.8] OrgURL deve avere almeno 'it' e 'en' ❌
/home/runner/work/spid-registry-repo/spid-registry-repo/scripts/validate_metadata_qad.py:84: CryptographyDeprecationWarning: Properties that return a naïve datetime object have been deprecated. Please switch to not_valid_after_utc.
  expiry = cert.not_valid_after.replace(tzinfo=timezone.utc)
[WARN] xmlsec1 non trovato, skip firma
✅ metadata/c_i826__00089070403.xml valido secondo QAD
/home/runner/work/spid-registry-repo/spid-registry-repo/scripts/validate_metadata_qad.py:84: CryptographyDeprecationWarning: Properties that return a naïve datetime object have been deprecated. Please switch to not_valid_after_utc.
  expiry = cert.not_valid_after.replace(tzinfo=timezone.utc)
[WARN] xmlsec1 non trovato, skip firma
--- ERRORI in metadata/c_i847__01778000040.xml ---
[1.5.2] OrgName deve avere almeno 'it' e 'en' ❌
[1.5.5] OrgDisplayName deve avere almeno 'it' e 'en' ❌
[1.5.8] OrgURL deve avere almeno 'it' e 'en' ❌
/home/runner/work/spid-registry-repo/spid-registry-repo/scripts/validate_metadata_qad.py:84: CryptographyDeprecationWarning: Properties that return a naïve datetime object have been deprecated. Please switch to not_valid_after_utc.
  expiry = cert.not_valid_after.replace(tzinfo=timezone.utc)
[WARN] xmlsec1 non trovato, skip firma
--- ERRORI in metadata/c_i935__02947310237.xml ---
[1.5.2] OrgName deve avere almeno 'it' e 'en' ❌
[1.5.5] OrgDisplayName deve avere almeno 'it' e 'en' ❌
[1.5.8] OrgURL deve avere almeno 'it' e 'en' ❌
/home/runner/work/spid-registry-repo/spid-registry-repo/scripts/validate_metadata_qad.py:84: CryptographyDeprecationWarning: Properties that return a naïve datetime object have been deprecated. Please switch to not_valid_after_utc.
  expiry = cert.not_valid_after.replace(tzinfo=timezone.utc)
[WARN] xmlsec1 non trovato, skip firma
--- ERRORI in metadata/c_i963.xml ---
[1.5.2] OrgName deve avere almeno 'it' e 'en' ❌
[1.5.5] OrgDisplayName deve avere almeno 'it' e 'en' ❌
[1.5.8] OrgURL deve avere almeno 'it' e 'en' ❌
/home/runner/work/spid-registry-repo/spid-registry-repo/scripts/validate_metadata_qad.py:84: CryptographyDeprecationWarning: Properties that return a naïve datetime object have been deprecated. Please switch to not_valid_after_utc.
  expiry = cert.not_valid_after.replace(tzinfo=timezone.utc)
[WARN] xmlsec1 non trovato, skip firma
--- ERRORI in metadata/c_i969.xml ---
[1.5.2] OrgName deve avere almeno 'it' e 'en' ❌
[1.5.5] OrgDisplayName deve avere almeno 'it' e 'en' ❌
[1.5.8] OrgURL deve avere almeno 'it' e 'en' ❌
/home/runner/work/spid-registry-repo/spid-registry-repo/scripts/validate_metadata_qad.py:84: CryptographyDeprecationWarning: Properties that return a naïve datetime object have been deprecated. Please switch to not_valid_after_utc.
  expiry = cert.not_valid_after.replace(tzinfo=timezone.utc)
[WARN] xmlsec1 non trovato, skip firma
--- ERRORI in metadata/c_l049__02066400405.xml ---
[1.5.2] OrgName deve avere almeno 'it' e 'en' ❌
[1.5.5] OrgDisplayName deve avere almeno 'it' e 'en' ❌
[1.5.8] OrgURL deve avere almeno 'it' e 'en' ❌
/home/runner/work/spid-registry-repo/spid-registry-repo/scripts/validate_metadata_qad.py:84: CryptographyDeprecationWarning: Properties that return a naïve datetime object have been deprecated. Please switch to not_valid_after_utc.
  expiry = cert.not_valid_after.replace(tzinfo=timezone.utc)
[WARN] xmlsec1 non trovato, skip firma
--- ERRORI in metadata/c_l050__06423240727.xml ---
[1.5.2] OrgName deve avere almeno 'it' e 'en' ❌
[1.5.5] OrgDisplayName deve avere almeno 'it' e 'en' ❌
[1.5.8] OrgURL deve avere almeno 'it' e 'en' ❌
/home/runner/work/spid-registry-repo/spid-registry-repo/scripts/validate_metadata_qad.py:84: CryptographyDeprecationWarning: Properties that return a naïve datetime object have been deprecated. Please switch to not_valid_after_utc.
  expiry = cert.not_valid_after.replace(tzinfo=timezone.utc)
[WARN] xmlsec1 non trovato, skip firma
--- ERRORI in metadata/c_l065.xml ---
[1.5.2] OrgName deve avere almeno 'it' e 'en' ❌
[1.5.5] OrgDisplayName deve avere almeno 'it' e 'en' ❌
[1.5.8] OrgURL deve avere almeno 'it' e 'en' ❌
/home/runner/work/spid-registry-repo/spid-registry-repo/scripts/validate_metadata_qad.py:84: CryptographyDeprecationWarning: Properties that return a naïve datetime object have been deprecated. Please switch to not_valid_after_utc.
  expiry = cert.not_valid_after.replace(tzinfo=timezone.utc)
[WARN] xmlsec1 non trovato, skip firma
--- ERRORI in metadata/c_l117__01239400391.xml ---
[1.5.2] OrgName deve avere almeno 'it' e 'en' ❌
[1.5.5] OrgDisplayName deve avere almeno 'it' e 'en' ❌
[1.5.8] OrgURL deve avere almeno 'it' e 'en' ❌
/home/runner/work/spid-registry-repo/spid-registry-repo/scripts/validate_metadata_qad.py:84: CryptographyDeprecationWarning: Properties that return a naïve datetime object have been deprecated. Please switch to not_valid_after_utc.
  expiry = cert.not_valid_after.replace(tzinfo=timezone.utc)
[WARN] xmlsec1 non trovato, skip firma
--- ERRORI in metadata/c_l154.xml ---
[1.5.2] OrgName deve avere almeno 'it' e 'en' ❌
[1.5.5] OrgDisplayName deve avere almeno 'it' e 'en' ❌
[1.5.8] OrgURL deve avere almeno 'it' e 'en' ❌
[Cert 1] Certificato scaduto il 2025-09-19 09:35:23+00:00 ❌
[Cert 2] Certificato scaduto il 2025-09-19 09:35:23+00:00 ❌
[Cert 3] Certificato scaduto il 2025-09-19 09:35:23+00:00 ❌
/home/runner/work/spid-registry-repo/spid-registry-repo/scripts/validate_metadata_qad.py:84: CryptographyDeprecationWarning: Properties that return a naïve datetime object have been deprecated. Please switch to not_valid_after_utc.
  expiry = cert.not_valid_after.replace(tzinfo=timezone.utc)
[WARN] xmlsec1 non trovato, skip firma
--- ERRORI in metadata/c_l206.xml ---
[1.5.2] OrgName deve avere almeno 'it' e 'en' ❌
[1.5.5] OrgDisplayName deve avere almeno 'it' e 'en' ❌
[1.5.8] OrgURL deve avere almeno 'it' e 'en' ❌
/home/runner/work/spid-registry-repo/spid-registry-repo/scripts/validate_metadata_qad.py:84: CryptographyDeprecationWarning: Properties that return a naïve datetime object have been deprecated. Please switch to not_valid_after_utc.
  expiry = cert.not_valid_after.replace(tzinfo=timezone.utc)
[WARN] xmlsec1 non trovato, skip firma
--- ERRORI in metadata/c_l280__01850570746.xml ---
[1.5.2] OrgName deve avere almeno 'it' e 'en' ❌
[1.5.5] OrgDisplayName deve avere almeno 'it' e 'en' ❌
[1.5.8] OrgURL deve avere almeno 'it' e 'en' ❌
/home/runner/work/spid-registry-repo/spid-registry-repo/scripts/validate_metadata_qad.py:84: CryptographyDeprecationWarning: Properties that return a naïve datetime object have been deprecated. Please switch to not_valid_after_utc.
  expiry = cert.not_valid_after.replace(tzinfo=timezone.utc)
[WARN] xmlsec1 non trovato, skip firma
--- ERRORI in metadata/c_l284__0935554096.xml ---
[1.5.2] OrgName deve avere almeno 'it' e 'en' ❌
[1.5.5] OrgDisplayName deve avere almeno 'it' e 'en' ❌
[1.5.8] OrgURL deve avere almeno 'it' e 'en' ❌
/home/runner/work/spid-registry-repo/spid-registry-repo/scripts/validate_metadata_qad.py:84: CryptographyDeprecationWarning: Properties that return a naïve datetime object have been deprecated. Please switch to not_valid_after_utc.
  expiry = cert.not_valid_after.replace(tzinfo=timezone.utc)
[WARN] xmlsec1 non trovato, skip firma
--- ERRORI in metadata/c_l331__02066400405.xml ---
[1.5.2] OrgName deve avere almeno 'it' e 'en' ❌
[1.5.5] OrgDisplayName deve avere almeno 'it' e 'en' ❌
[1.5.8] OrgURL deve avere almeno 'it' e 'en' ❌
/home/runner/work/spid-registry-repo/spid-registry-repo/scripts/validate_metadata_qad.py:84: CryptographyDeprecationWarning: Properties that return a naïve datetime object have been deprecated. Please switch to not_valid_after_utc.
  expiry = cert.not_valid_after.replace(tzinfo=timezone.utc)
[WARN] xmlsec1 non trovato, skip firma
--- ERRORI in metadata/c_l340__03393760719.xml ---
[1.5.2] OrgName deve avere almeno 'it' e 'en' ❌
[1.5.5] OrgDisplayName deve avere almeno 'it' e 'en' ❌
[1.5.8] OrgURL deve avere almeno 'it' e 'en' ❌
/home/runner/work/spid-registry-repo/spid-registry-repo/scripts/validate_metadata_qad.py:84: CryptographyDeprecationWarning: Properties that return a naïve datetime object have been deprecated. Please switch to not_valid_after_utc.
  expiry = cert.not_valid_after.replace(tzinfo=timezone.utc)
[WARN] xmlsec1 non trovato, skip firma
--- ERRORI in metadata/c_l397.xml ---
[1.5.2] OrgName deve avere almeno 'it' e 'en' ❌
[1.5.5] OrgDisplayName deve avere almeno 'it' e 'en' ❌
[1.5.8] OrgURL deve avere almeno 'it' e 'en' ❌
/home/runner/work/spid-registry-repo/spid-registry-repo/scripts/validate_metadata_qad.py:84: CryptographyDeprecationWarning: Properties that return a naïve datetime object have been deprecated. Please switch to not_valid_after_utc.
  expiry = cert.not_valid_after.replace(tzinfo=timezone.utc)
[WARN] xmlsec1 non trovato, skip firma
--- ERRORI in metadata/c_l406.xml ---
[1.5.2] OrgName deve avere almeno 'it' e 'en' ❌
[1.5.5] OrgDisplayName deve avere almeno 'it' e 'en' ❌
[1.5.8] OrgURL deve avere almeno 'it' e 'en' ❌
[Cert 1] Certificato scaduto il 2024-02-29 13:21:00+00:00 ❌
[Cert 2] Certificato scaduto il 2024-02-29 13:21:00+00:00 ❌
/home/runner/work/spid-registry-repo/spid-registry-repo/scripts/validate_metadata_qad.py:84: CryptographyDeprecationWarning: Properties that return a naïve datetime object have been deprecated. Please switch to not_valid_after_utc.
  expiry = cert.not_valid_after.replace(tzinfo=timezone.utc)
[WARN] xmlsec1 non trovato, skip firma
--- ERRORI in metadata/c_l545__00873010961.xml ---
[1.5.2] OrgName deve avere almeno 'it' e 'en' ❌
[1.5.5] OrgDisplayName deve avere almeno 'it' e 'en' ❌
[1.5.8] OrgURL deve avere almeno 'it' e 'en' ❌
/home/runner/work/spid-registry-repo/spid-registry-repo/scripts/validate_metadata_qad.py:84: CryptographyDeprecationWarning: Properties that return a naïve datetime object have been deprecated. Please switch to not_valid_after_utc.
  expiry = cert.not_valid_after.replace(tzinfo=timezone.utc)
[WARN] xmlsec1 non trovato, skip firma
✅ metadata/c_l583.xml valido secondo QAD
/home/runner/work/spid-registry-repo/spid-registry-repo/scripts/validate_metadata_qad.py:84: CryptographyDeprecationWarning: Properties that return a naïve datetime object have been deprecated. Please switch to not_valid_after_utc.
  expiry = cert.not_valid_after.replace(tzinfo=timezone.utc)
[WARN] xmlsec1 non trovato, skip firma
--- ERRORI in metadata/c_l599__03393760719.xml ---
[1.5.2] OrgName deve avere almeno 'it' e 'en' ❌
[1.5.5] OrgDisplayName deve avere almeno 'it' e 'en' ❌
[1.5.8] OrgURL deve avere almeno 'it' e 'en' ❌
/home/runner/work/spid-registry-repo/spid-registry-repo/scripts/validate_metadata_qad.py:84: CryptographyDeprecationWarning: Properties that return a naïve datetime object have been deprecated. Please switch to not_valid_after_utc.
  expiry = cert.not_valid_after.replace(tzinfo=timezone.utc)
[WARN] xmlsec1 non trovato, skip firma
--- ERRORI in metadata/c_l628__02066400405.xml ---
[1.5.2] OrgName deve avere almeno 'it' e 'en' ❌
[1.5.5] OrgDisplayName deve avere almeno 'it' e 'en' ❌
[1.5.8] OrgURL deve avere almeno 'it' e 'en' ❌
/home/runner/work/spid-registry-repo/spid-registry-repo/scripts/validate_metadata_qad.py:84: CryptographyDeprecationWarning: Properties that return a naïve datetime object have been deprecated. Please switch to not_valid_after_utc.
  expiry = cert.not_valid_after.replace(tzinfo=timezone.utc)
[WARN] xmlsec1 non trovato, skip firma
--- ERRORI in metadata/c_l704__03789750100.xml ---
[1.5.2] OrgName deve avere almeno 'it' e 'en' ❌
[1.5.5] OrgDisplayName deve avere almeno 'it' e 'en' ❌
[1.5.8] OrgURL deve avere almeno 'it' e 'en' ❌
[Cert 2] Certificato scaduto il 2025-09-27 12:50:27+00:00 ❌
/home/runner/work/spid-registry-repo/spid-registry-repo/scripts/validate_metadata_qad.py:84: CryptographyDeprecationWarning: Properties that return a naïve datetime object have been deprecated. Please switch to not_valid_after_utc.
  expiry = cert.not_valid_after.replace(tzinfo=timezone.utc)
[WARN] xmlsec1 non trovato, skip firma
--- ERRORI in metadata/c_l710.xml ---
[1.5.2] OrgName deve avere almeno 'it' e 'en' ❌
[1.5.5] OrgDisplayName deve avere almeno 'it' e 'en' ❌
[1.5.8] OrgURL deve avere almeno 'it' e 'en' ❌
/home/runner/work/spid-registry-repo/spid-registry-repo/scripts/validate_metadata_qad.py:84: CryptographyDeprecationWarning: Properties that return a naïve datetime object have been deprecated. Please switch to not_valid_after_utc.
  expiry = cert.not_valid_after.replace(tzinfo=timezone.utc)
[WARN] xmlsec1 non trovato, skip firma
--- ERRORI in metadata/c_l719__02066400405.xml ---
[1.5.2] OrgName deve avere almeno 'it' e 'en' ❌
[1.5.5] OrgDisplayName deve avere almeno 'it' e 'en' ❌
[1.5.8] OrgURL deve avere almeno 'it' e 'en' ❌
/home/runner/work/spid-registry-repo/spid-registry-repo/scripts/validate_metadata_qad.py:84: CryptographyDeprecationWarning: Properties that return a naïve datetime object have been deprecated. Please switch to not_valid_after_utc.
  expiry = cert.not_valid_after.replace(tzinfo=timezone.utc)
[WARN] xmlsec1 non trovato, skip firma
--- ERRORI in metadata/c_l727__02818030369.xml ---
[1.5.2] OrgName deve avere almeno 'it' e 'en' ❌
[1.5.5] OrgDisplayName deve avere almeno 'it' e 'en' ❌
[1.5.8] OrgURL deve avere almeno 'it' e 'en' ❌
/home/runner/work/spid-registry-repo/spid-registry-repo/scripts/validate_metadata_qad.py:84: CryptographyDeprecationWarning: Properties that return a naïve datetime object have been deprecated. Please switch to not_valid_after_utc.
  expiry = cert.not_valid_after.replace(tzinfo=timezone.utc)
[WARN] xmlsec1 non trovato, skip firma
--- ERRORI in metadata/c_l733.xml ---
[1.5.2] OrgName deve avere almeno 'it' e 'en' ❌
[1.5.5] OrgDisplayName deve avere almeno 'it' e 'en' ❌
[1.5.8] OrgURL deve avere almeno 'it' e 'en' ❌
[Cert 1] Certificato scaduto il 2025-01-30 14:06:28+00:00 ❌
[Cert 2] Certificato scaduto il 2025-01-31 14:42:26+00:00 ❌
/home/runner/work/spid-registry-repo/spid-registry-repo/scripts/validate_metadata_qad.py:84: CryptographyDeprecationWarning: Properties that return a naïve datetime object have been deprecated. Please switch to not_valid_after_utc.
  expiry = cert.not_valid_after.replace(tzinfo=timezone.utc)
[WARN] xmlsec1 non trovato, skip firma
✅ metadata/c_l741.xml valido secondo QAD
/home/runner/work/spid-registry-repo/spid-registry-repo/scripts/validate_metadata_qad.py:84: CryptographyDeprecationWarning: Properties that return a naïve datetime object have been deprecated. Please switch to not_valid_after_utc.
  expiry = cert.not_valid_after.replace(tzinfo=timezone.utc)
[WARN] xmlsec1 non trovato, skip firma
--- ERRORI in metadata/c_l741__02066400405.xml ---
[1.5.2] OrgName deve avere almeno 'it' e 'en' ❌
[1.5.5] OrgDisplayName deve avere almeno 'it' e 'en' ❌
[1.5.8] OrgURL deve avere almeno 'it' e 'en' ❌
/home/runner/work/spid-registry-repo/spid-registry-repo/scripts/validate_metadata_qad.py:84: CryptographyDeprecationWarning: Properties that return a naïve datetime object have been deprecated. Please switch to not_valid_after_utc.
  expiry = cert.not_valid_after.replace(tzinfo=timezone.utc)
[WARN] xmlsec1 non trovato, skip firma
--- ERRORI in metadata/c_l741__10915340961.xml ---
[1.5.2] OrgName deve avere almeno 'it' e 'en' ❌
[1.5.5] OrgDisplayName deve avere almeno 'it' e 'en' ❌
[1.5.8] OrgURL deve avere almeno 'it' e 'en' ❌
/home/runner/work/spid-registry-repo/spid-registry-repo/scripts/validate_metadata_qad.py:84: CryptographyDeprecationWarning: Properties that return a naïve datetime object have been deprecated. Please switch to not_valid_after_utc.
  expiry = cert.not_valid_after.replace(tzinfo=timezone.utc)
[WARN] xmlsec1 non trovato, skip firma
--- ERRORI in metadata/c_l771__03393760719.xml ---
[1.5.2] OrgName deve avere almeno 'it' e 'en' ❌
[1.5.5] OrgDisplayName deve avere almeno 'it' e 'en' ❌
[1.5.8] OrgURL deve avere almeno 'it' e 'en' ❌
/home/runner/work/spid-registry-repo/spid-registry-repo/scripts/validate_metadata_qad.py:84: CryptographyDeprecationWarning: Properties that return a naïve datetime object have been deprecated. Please switch to not_valid_after_utc.
  expiry = cert.not_valid_after.replace(tzinfo=timezone.utc)
[WARN] xmlsec1 non trovato, skip firma
--- ERRORI in metadata/c_l779.xml ---
[1.5.2] OrgName deve avere almeno 'it' e 'en' ❌
[1.5.5] OrgDisplayName deve avere almeno 'it' e 'en' ❌
[1.5.8] OrgURL deve avere almeno 'it' e 'en' ❌
/home/runner/work/spid-registry-repo/spid-registry-repo/scripts/validate_metadata_qad.py:84: CryptographyDeprecationWarning: Properties that return a naïve datetime object have been deprecated. Please switch to not_valid_after_utc.
  expiry = cert.not_valid_after.replace(tzinfo=timezone.utc)
[WARN] xmlsec1 non trovato, skip firma
--- ERRORI in metadata/c_l809__01778000040.xml ---
[1.5.2] OrgName deve avere almeno 'it' e 'en' ❌
[1.5.5] OrgDisplayName deve avere almeno 'it' e 'en' ❌
[1.5.8] OrgURL deve avere almeno 'it' e 'en' ❌
/home/runner/work/spid-registry-repo/spid-registry-repo/scripts/validate_metadata_qad.py:84: CryptographyDeprecationWarning: Properties that return a naïve datetime object have been deprecated. Please switch to not_valid_after_utc.
  expiry = cert.not_valid_after.replace(tzinfo=timezone.utc)
[WARN] xmlsec1 non trovato, skip firma
--- ERRORI in metadata/c_l817__02066400405.xml ---
[1.5.2] OrgName deve avere almeno 'it' e 'en' ❌
[1.5.5] OrgDisplayName deve avere almeno 'it' e 'en' ❌
[1.5.8] OrgURL deve avere almeno 'it' e 'en' ❌
/home/runner/work/spid-registry-repo/spid-registry-repo/scripts/validate_metadata_qad.py:84: CryptographyDeprecationWarning: Properties that return a naïve datetime object have been deprecated. Please switch to not_valid_after_utc.
  expiry = cert.not_valid_after.replace(tzinfo=timezone.utc)
[WARN] xmlsec1 non trovato, skip firma
--- ERRORI in metadata/c_l830__03789750100.xml ---
[1.5.2] OrgName deve avere almeno 'it' e 'en' ❌
[1.5.5] OrgDisplayName deve avere almeno 'it' e 'en' ❌
[1.5.8] OrgURL deve avere almeno 'it' e 'en' ❌
[Cert 2] Certificato scaduto il 2025-01-31 13:53:24+00:00 ❌
/home/runner/work/spid-registry-repo/spid-registry-repo/scripts/validate_metadata_qad.py:84: CryptographyDeprecationWarning: Properties that return a naïve datetime object have been deprecated. Please switch to not_valid_after_utc.
  expiry = cert.not_valid_after.replace(tzinfo=timezone.utc)
[WARN] xmlsec1 non trovato, skip firma
✅ metadata/c_l868__02770891204.xml valido secondo QAD
/home/runner/work/spid-registry-repo/spid-registry-repo/scripts/validate_metadata_qad.py:84: CryptographyDeprecationWarning: Properties that return a naïve datetime object have been deprecated. Please switch to not_valid_after_utc.
  expiry = cert.not_valid_after.replace(tzinfo=timezone.utc)
[WARN] xmlsec1 non trovato, skip firma
--- ERRORI in metadata/c_l899__02066400405.xml ---
[1.5.2] OrgName deve avere almeno 'it' e 'en' ❌
[1.5.5] OrgDisplayName deve avere almeno 'it' e 'en' ❌
[1.5.8] OrgURL deve avere almeno 'it' e 'en' ❌
/home/runner/work/spid-registry-repo/spid-registry-repo/scripts/validate_metadata_qad.py:84: CryptographyDeprecationWarning: Properties that return a naïve datetime object have been deprecated. Please switch to not_valid_after_utc.
  expiry = cert.not_valid_after.replace(tzinfo=timezone.utc)
[WARN] xmlsec1 non trovato, skip firma
--- ERRORI in metadata/c_l906__03393760719.xml ---
[1.5.2] OrgName deve avere almeno 'it' e 'en' ❌
[1.5.5] OrgDisplayName deve avere almeno 'it' e 'en' ❌
[1.5.8] OrgURL deve avere almeno 'it' e 'en' ❌
/home/runner/work/spid-registry-repo/spid-registry-repo/scripts/validate_metadata_qad.py:84: CryptographyDeprecationWarning: Properties that return a naïve datetime object have been deprecated. Please switch to not_valid_after_utc.
  expiry = cert.not_valid_after.replace(tzinfo=timezone.utc)
[WARN] xmlsec1 non trovato, skip firma
--- ERRORI in metadata/c_m014__03393760719.xml ---
[1.5.2] OrgName deve avere almeno 'it' e 'en' ❌
[1.5.5] OrgDisplayName deve avere almeno 'it' e 'en' ❌
[1.5.8] OrgURL deve avere almeno 'it' e 'en' ❌
/home/runner/work/spid-registry-repo/spid-registry-repo/scripts/validate_metadata_qad.py:84: CryptographyDeprecationWarning: Properties that return a naïve datetime object have been deprecated. Please switch to not_valid_after_utc.
  expiry = cert.not_valid_after.replace(tzinfo=timezone.utc)
[WARN] xmlsec1 non trovato, skip firma
--- ERRORI in metadata/c_m060__0935554096.xml ---
[1.5.2] OrgName deve avere almeno 'it' e 'en' ❌
[1.5.5] OrgDisplayName deve avere almeno 'it' e 'en' ❌
[1.5.8] OrgURL deve avere almeno 'it' e 'en' ❌
/home/runner/work/spid-registry-repo/spid-registry-repo/scripts/validate_metadata_qad.py:84: CryptographyDeprecationWarning: Properties that return a naïve datetime object have been deprecated. Please switch to not_valid_after_utc.
  expiry = cert.not_valid_after.replace(tzinfo=timezone.utc)
[WARN] xmlsec1 non trovato, skip firma
--- ERRORI in metadata/c_m133.xml ---
[1.5.2] OrgName deve avere almeno 'it' e 'en' ❌
[1.5.5] OrgDisplayName deve avere almeno 'it' e 'en' ❌
[1.5.8] OrgURL deve avere almeno 'it' e 'en' ❌
/home/runner/work/spid-registry-repo/spid-registry-repo/scripts/validate_metadata_qad.py:84: CryptographyDeprecationWarning: Properties that return a naïve datetime object have been deprecated. Please switch to not_valid_after_utc.
  expiry = cert.not_valid_after.replace(tzinfo=timezone.utc)
[WARN] xmlsec1 non trovato, skip firma
--- ERRORI in metadata/c_m153.xml ---
[1.5.2] OrgName deve avere almeno 'it' e 'en' ❌
[1.5.5] OrgDisplayName deve avere almeno 'it' e 'en' ❌
[1.5.8] OrgURL deve avere almeno 'it' e 'en' ❌
/home/runner/work/spid-registry-repo/spid-registry-repo/scripts/validate_metadata_qad.py:84: CryptographyDeprecationWarning: Properties that return a naïve datetime object have been deprecated. Please switch to not_valid_after_utc.
  expiry = cert.not_valid_after.replace(tzinfo=timezone.utc)
[WARN] xmlsec1 non trovato, skip firma
--- ERRORI in metadata/c_m171__01239400391.xml ---
[1.5.2] OrgName deve avere almeno 'it' e 'en' ❌
[1.5.5] OrgDisplayName deve avere almeno 'it' e 'en' ❌
[1.5.8] OrgURL deve avere almeno 'it' e 'en' ❌
/home/runner/work/spid-registry-repo/spid-registry-repo/scripts/validate_metadata_qad.py:84: CryptographyDeprecationWarning: Properties that return a naïve datetime object have been deprecated. Please switch to not_valid_after_utc.
  expiry = cert.not_valid_after.replace(tzinfo=timezone.utc)
[WARN] xmlsec1 non trovato, skip firma
--- ERRORI in metadata/c_m1803__03393760719.xml ---
[1.5.2] OrgName deve avere almeno 'it' e 'en' ❌
[1.5.5] OrgDisplayName deve avere almeno 'it' e 'en' ❌
[1.5.8] OrgURL deve avere almeno 'it' e 'en' ❌
/home/runner/work/spid-registry-repo/spid-registry-repo/scripts/validate_metadata_qad.py:84: CryptographyDeprecationWarning: Properties that return a naïve datetime object have been deprecated. Please switch to not_valid_after_utc.
  expiry = cert.not_valid_after.replace(tzinfo=timezone.utc)
[WARN] xmlsec1 non trovato, skip firma
--- ERRORI in metadata/c_m199.xml ---
[1.5.2] OrgName deve avere almeno 'it' e 'en' ❌
[1.5.5] OrgDisplayName deve avere almeno 'it' e 'en' ❌
[1.5.8] OrgURL deve avere almeno 'it' e 'en' ❌
/home/runner/work/spid-registry-repo/spid-registry-repo/scripts/validate_metadata_qad.py:84: CryptographyDeprecationWarning: Properties that return a naïve datetime object have been deprecated. Please switch to not_valid_after_utc.
  expiry = cert.not_valid_after.replace(tzinfo=timezone.utc)
[WARN] xmlsec1 non trovato, skip firma
--- ERRORI in metadata/c_m263.xml ---
[1.5.2] OrgName deve avere almeno 'it' e 'en' ❌
[1.5.5] OrgDisplayName deve avere almeno 'it' e 'en' ❌
[1.5.8] OrgURL deve avere almeno 'it' e 'en' ❌
/home/runner/work/spid-registry-repo/spid-registry-repo/scripts/validate_metadata_qad.py:84: CryptographyDeprecationWarning: Properties that return a naïve datetime object have been deprecated. Please switch to not_valid_after_utc.
  expiry = cert.not_valid_after.replace(tzinfo=timezone.utc)
[WARN] xmlsec1 non trovato, skip firma
--- ERRORI in metadata/c_m269.xml ---
[1.5.2] OrgName deve avere almeno 'it' e 'en' ❌
[1.5.5] OrgDisplayName deve avere almeno 'it' e 'en' ❌
[1.5.8] OrgURL deve avere almeno 'it' e 'en' ❌
/home/runner/work/spid-registry-repo/spid-registry-repo/scripts/validate_metadata_qad.py:84: CryptographyDeprecationWarning: Properties that return a naïve datetime object have been deprecated. Please switch to not_valid_after_utc.
  expiry = cert.not_valid_after.replace(tzinfo=timezone.utc)
[WARN] xmlsec1 non trovato, skip firma
--- ERRORI in metadata/c_m350__02066400405.xml ---
[1.5.2] OrgName deve avere almeno 'it' e 'en' ❌
[1.5.5] OrgDisplayName deve avere almeno 'it' e 'en' ❌
[1.5.8] OrgURL deve avere almeno 'it' e 'en' ❌
/home/runner/work/spid-registry-repo/spid-registry-repo/scripts/validate_metadata_qad.py:84: CryptographyDeprecationWarning: Properties that return a naïve datetime object have been deprecated. Please switch to not_valid_after_utc.
  expiry = cert.not_valid_after.replace(tzinfo=timezone.utc)
[WARN] xmlsec1 non trovato, skip firma
--- ERRORI in metadata/c_m384.xml ---
[1.5.2] OrgName deve avere almeno 'it' e 'en' ❌
[1.5.5] OrgDisplayName deve avere almeno 'it' e 'en' ❌
[1.5.8] OrgURL deve avere almeno 'it' e 'en' ❌
/home/runner/work/spid-registry-repo/spid-registry-repo/scripts/validate_metadata_qad.py:84: CryptographyDeprecationWarning: Properties that return a naïve datetime object have been deprecated. Please switch to not_valid_after_utc.
  expiry = cert.not_valid_after.replace(tzinfo=timezone.utc)
[WARN] xmlsec1 non trovato, skip firma
--- ERRORI in metadata/c_m403__01850570746.xml ---
[1.5.2] OrgName deve avere almeno 'it' e 'en' ❌
[1.5.5] OrgDisplayName deve avere almeno 'it' e 'en' ❌
[1.5.8] OrgURL deve avere almeno 'it' e 'en' ❌
/home/runner/work/spid-registry-repo/spid-registry-repo/scripts/validate_metadata_qad.py:84: CryptographyDeprecationWarning: Properties that return a naïve datetime object have been deprecated. Please switch to not_valid_after_utc.
  expiry = cert.not_valid_after.replace(tzinfo=timezone.utc)
[WARN] xmlsec1 non trovato, skip firma
--- ERRORI in metadata/c_p0f4__03393760719.xml ---
[1.5.2] OrgName deve avere almeno 'it' e 'en' ❌
[1.5.5] OrgDisplayName deve avere almeno 'it' e 'en' ❌
[1.5.8] OrgURL deve avere almeno 'it' e 'en' ❌
/home/runner/work/spid-registry-repo/spid-registry-repo/scripts/validate_metadata_qad.py:84: CryptographyDeprecationWarning: Properties that return a naïve datetime object have been deprecated. Please switch to not_valid_after_utc.
  expiry = cert.not_valid_after.replace(tzinfo=timezone.utc)
[WARN] xmlsec1 non trovato, skip firma
--- ERRORI in metadata/cabs_004__03393760719.xml ---
[1.5.2] OrgName deve avere almeno 'it' e 'en' ❌
[1.5.5] OrgDisplayName deve avere almeno 'it' e 'en' ❌
[1.5.8] OrgURL deve avere almeno 'it' e 'en' ❌
/home/runner/work/spid-registry-repo/spid-registry-repo/scripts/validate_metadata_qad.py:84: CryptographyDeprecationWarning: Properties that return a naïve datetime object have been deprecated. Please switch to not_valid_after_utc.
  expiry = cert.not_valid_after.replace(tzinfo=timezone.utc)
[WARN] xmlsec1 non trovato, skip firma
--- ERRORI in metadata/cava_006__03393760719.xml ---
[1.5.2] OrgName deve avere almeno 'it' e 'en' ❌
[1.5.5] OrgDisplayName deve avere almeno 'it' e 'en' ❌
[1.5.8] OrgURL deve avere almeno 'it' e 'en' ❌
/home/runner/work/spid-registry-repo/spid-registry-repo/scripts/validate_metadata_qad.py:84: CryptographyDeprecationWarning: Properties that return a naïve datetime object have been deprecated. Please switch to not_valid_after_utc.
  expiry = cert.not_valid_after.replace(tzinfo=timezone.utc)
[WARN] xmlsec1 non trovato, skip firma
--- ERRORI in metadata/cbgc_020__03789750100.xml ---
[1.5.2] OrgName deve avere almeno 'it' e 'en' ❌
[1.5.5] OrgDisplayName deve avere almeno 'it' e 'en' ❌
[1.5.8] OrgURL deve avere almeno 'it' e 'en' ❌
[Cert 2] Certificato scaduto il 2025-09-29 09:35:28+00:00 ❌
/home/runner/work/spid-registry-repo/spid-registry-repo/scripts/validate_metadata_qad.py:84: CryptographyDeprecationWarning: Properties that return a naïve datetime object have been deprecated. Please switch to not_valid_after_utc.
  expiry = cert.not_valid_after.replace(tzinfo=timezone.utc)
[WARN] xmlsec1 non trovato, skip firma
--- ERRORI in metadata/cciaa_sa__03393760719.xml ---
[1.5.2] OrgName deve avere almeno 'it' e 'en' ❌
[1.5.5] OrgDisplayName deve avere almeno 'it' e 'en' ❌
[1.5.8] OrgURL deve avere almeno 'it' e 'en' ❌
/home/runner/work/spid-registry-repo/spid-registry-repo/scripts/validate_metadata_qad.py:84: CryptographyDeprecationWarning: Properties that return a naïve datetime object have been deprecated. Please switch to not_valid_after_utc.
  expiry = cert.not_valid_after.replace(tzinfo=timezone.utc)
[WARN] xmlsec1 non trovato, skip firma
--- ERRORI in metadata/cciaab__03393760719.xml ---
[1.5.2] OrgName deve avere almeno 'it' e 'en' ❌
[1.5.5] OrgDisplayName deve avere almeno 'it' e 'en' ❌
[1.5.8] OrgURL deve avere almeno 'it' e 'en' ❌
/home/runner/work/spid-registry-repo/spid-registry-repo/scripts/validate_metadata_qad.py:84: CryptographyDeprecationWarning: Properties that return a naïve datetime object have been deprecated. Please switch to not_valid_after_utc.
  expiry = cert.not_valid_after.replace(tzinfo=timezone.utc)
[WARN] xmlsec1 non trovato, skip firma
--- ERRORI in metadata/cciaais__03393760719.xml ---
[1.5.2] OrgName deve avere almeno 'it' e 'en' ❌
[1.5.5] OrgDisplayName deve avere almeno 'it' e 'en' ❌
[1.5.8] OrgURL deve avere almeno 'it' e 'en' ❌
/home/runner/work/spid-registry-repo/spid-registry-repo/scripts/validate_metadata_qad.py:82: CryptographyDeprecationWarning: Parsed a serial number which wasn't positive (i.e., it was negative or zero), which is disallowed by RFC 5280. Loading this certificate will cause an exception in a future release of cryptography.
  cert = x509.load_pem_x509_certificate(pem.encode(), default_backend())
/home/runner/work/spid-registry-repo/spid-registry-repo/scripts/validate_metadata_qad.py:84: CryptographyDeprecationWarning: Properties that return a naïve datetime object have been deprecated. Please switch to not_valid_after_utc.
  expiry = cert.not_valid_after.replace(tzinfo=timezone.utc)
[WARN] xmlsec1 non trovato, skip firma
--- ERRORI in metadata/cdgdgbr.xml ---
[1.5.2] OrgName deve avere almeno 'it' e 'en' ❌
[1.5.5] OrgDisplayName deve avere almeno 'it' e 'en' ❌
[1.5.8] OrgURL deve avere almeno 'it' e 'en' ❌
/home/runner/work/spid-registry-repo/spid-registry-repo/scripts/validate_metadata_qad.py:84: CryptographyDeprecationWarning: Properties that return a naïve datetime object have been deprecated. Please switch to not_valid_after_utc.
  expiry = cert.not_valid_after.replace(tzinfo=timezone.utc)
[WARN] xmlsec1 non trovato, skip firma
--- ERRORI in metadata/cds.xml ---
[1.5.2] OrgName deve avere almeno 'it' e 'en' ❌
[1.5.5] OrgDisplayName deve avere almeno 'it' e 'en' ❌
[1.5.8] OrgURL deve avere almeno 'it' e 'en' ❌
/home/runner/work/spid-registry-repo/spid-registry-repo/scripts/validate_metadata_qad.py:84: CryptographyDeprecationWarning: Properties that return a naïve datetime object have been deprecated. Please switch to not_valid_after_utc.
  expiry = cert.not_valid_after.replace(tzinfo=timezone.utc)
[WARN] xmlsec1 non trovato, skip firma
--- ERRORI in metadata/cdssa__03393760719.xml ---
[1.5.2] OrgName deve avere almeno 'it' e 'en' ❌
[1.5.5] OrgDisplayName deve avere almeno 'it' e 'en' ❌
[1.5.8] OrgURL deve avere almeno 'it' e 'en' ❌
/home/runner/work/spid-registry-repo/spid-registry-repo/scripts/validate_metadata_qad.py:84: CryptographyDeprecationWarning: Properties that return a naïve datetime object have been deprecated. Please switch to not_valid_after_utc.
  expiry = cert.not_valid_after.replace(tzinfo=timezone.utc)
[WARN] xmlsec1 non trovato, skip firma
--- ERRORI in metadata/cdssac__03393760719.xml ---
[1.5.2] OrgName deve avere almeno 'it' e 'en' ❌
[1.5.5] OrgDisplayName deve avere almeno 'it' e 'en' ❌
[1.5.8] OrgURL deve avere almeno 'it' e 'en' ❌
/home/runner/work/spid-registry-repo/spid-registry-repo/scripts/validate_metadata_qad.py:84: CryptographyDeprecationWarning: Properties that return a naïve datetime object have been deprecated. Please switch to not_valid_after_utc.
  expiry = cert.not_valid_after.replace(tzinfo=timezone.utc)
[WARN] xmlsec1 non trovato, skip firma
--- ERRORI in metadata/cdtsrfg__03393760719.xml ---
[1.5.2] OrgName deve avere almeno 'it' e 'en' ❌
[1.5.5] OrgDisplayName deve avere almeno 'it' e 'en' ❌
[1.5.8] OrgURL deve avere almeno 'it' e 'en' ❌
/home/runner/work/spid-registry-repo/spid-registry-repo/scripts/validate_metadata_qad.py:84: CryptographyDeprecationWarning: Properties that return a naïve datetime object have been deprecated. Please switch to not_valid_after_utc.
  expiry = cert.not_valid_after.replace(tzinfo=timezone.utc)
[WARN] xmlsec1 non trovato, skip firma
--- ERRORI in metadata/cesp__03393760719.xml ---
[1.5.2] OrgName deve avere almeno 'it' e 'en' ❌
[1.5.5] OrgDisplayName deve avere almeno 'it' e 'en' ❌
[1.5.8] OrgURL deve avere almeno 'it' e 'en' ❌
/home/runner/work/spid-registry-repo/spid-registry-repo/scripts/validate_metadata_qad.py:84: CryptographyDeprecationWarning: Properties that return a naïve datetime object have been deprecated. Please switch to not_valid_after_utc.
  expiry = cert.not_valid_after.replace(tzinfo=timezone.utc)
[WARN] xmlsec1 non trovato, skip firma
--- ERRORI in metadata/cm_tsle.xml ---
[1.5.2] OrgName deve avere almeno 'it' e 'en' ❌
[1.5.5] OrgDisplayName deve avere almeno 'it' e 'en' ❌
[1.5.8] OrgURL deve avere almeno 'it' e 'en' ❌
[Cert 1] Certificato scaduto il 2024-09-29 08:36:21+00:00 ❌
[Cert 2] Certificato scaduto il 2024-09-29 08:36:21+00:00 ❌
[Cert 3] Certificato scaduto il 2024-09-29 08:36:21+00:00 ❌
/home/runner/work/spid-registry-repo/spid-registry-repo/scripts/validate_metadata_qad.py:84: CryptographyDeprecationWarning: Properties that return a naïve datetime object have been deprecated. Please switch to not_valid_after_utc.
  expiry = cert.not_valid_after.replace(tzinfo=timezone.utc)
[WARN] xmlsec1 non trovato, skip firma
--- ERRORI in metadata/cmna.xml ---
[1.5.2] OrgName deve avere almeno 'it' e 'en' ❌
[1.5.5] OrgDisplayName deve avere almeno 'it' e 'en' ❌
[1.5.8] OrgURL deve avere almeno 'it' e 'en' ❌
[Cert 1] Certificato scaduto il 2022-11-04 14:23:30+00:00 ❌
[Cert 2] Certificato scaduto il 2021-07-15 13:46:28+00:00 ❌
[Cert 3] Certificato scaduto il 2021-07-15 13:46:28+00:00 ❌
/home/runner/work/spid-registry-repo/spid-registry-repo/scripts/validate_metadata_qad.py:84: CryptographyDeprecationWarning: Properties that return a naïve datetime object have been deprecated. Please switch to not_valid_after_utc.
  expiry = cert.not_valid_after.replace(tzinfo=timezone.utc)
[WARN] xmlsec1 non trovato, skip firma
✅ metadata/cmrc.xml valido secondo QAD
/home/runner/work/spid-registry-repo/spid-registry-repo/scripts/validate_metadata_qad.py:84: CryptographyDeprecationWarning: Properties that return a naïve datetime object have been deprecated. Please switch to not_valid_after_utc.
  expiry = cert.not_valid_after.replace(tzinfo=timezone.utc)
[WARN] xmlsec1 non trovato, skip firma
--- ERRORI in metadata/cmz_ri__03393760719.xml ---
[1.5.2] OrgName deve avere almeno 'it' e 'en' ❌
[1.5.5] OrgDisplayName deve avere almeno 'it' e 'en' ❌
[1.5.8] OrgURL deve avere almeno 'it' e 'en' ❌
/home/runner/work/spid-registry-repo/spid-registry-repo/scripts/validate_metadata_qad.py:84: CryptographyDeprecationWarning: Properties that return a naïve datetime object have been deprecated. Please switch to not_valid_after_utc.
  expiry = cert.not_valid_after.replace(tzinfo=timezone.utc)
[WARN] xmlsec1 non trovato, skip firma
--- ERRORI in metadata/cnppt__00838520880.xml ---
[1.5.2] OrgName deve avere almeno 'it' e 'en' ❌
[1.5.5] OrgDisplayName deve avere almeno 'it' e 'en' ❌
[1.5.8] OrgURL deve avere almeno 'it' e 'en' ❌
/home/runner/work/spid-registry-repo/spid-registry-repo/scripts/validate_metadata_qad.py:84: CryptographyDeprecationWarning: Properties that return a naïve datetime object have been deprecated. Please switch to not_valid_after_utc.
  expiry = cert.not_valid_after.replace(tzinfo=timezone.utc)
[WARN] xmlsec1 non trovato, skip firma
--- ERRORI in metadata/cpirm.xml ---
[1.5.2] OrgName deve avere almeno 'it' e 'en' ❌
[1.5.5] OrgDisplayName deve avere almeno 'it' e 'en' ❌
[1.5.8] OrgURL deve avere almeno 'it' e 'en' ❌
[Cert 1] Certificato scaduto il 2021-08-26 12:18:54+00:00 ❌
[Cert 2] Certificato scaduto il 2021-08-26 12:18:54+00:00 ❌
[Cert 3] Certificato scaduto il 2021-08-26 12:18:54+00:00 ❌
/home/runner/work/spid-registry-repo/spid-registry-repo/scripts/validate_metadata_qad.py:84: CryptographyDeprecationWarning: Properties that return a naïve datetime object have been deprecated. Please switch to not_valid_after_utc.
  expiry = cert.not_valid_after.replace(tzinfo=timezone.utc)
[WARN] xmlsec1 non trovato, skip firma
--- ERRORI in metadata/csssun__03789750100.xml ---
[1.5.2] OrgName deve avere almeno 'it' e 'en' ❌
[1.5.5] OrgDisplayName deve avere almeno 'it' e 'en' ❌
[1.5.8] OrgURL deve avere almeno 'it' e 'en' ❌
[Cert 2] Certificato scaduto il 2025-01-31 11:54:02+00:00 ❌
/home/runner/work/spid-registry-repo/spid-registry-repo/scripts/validate_metadata_qad.py:84: CryptographyDeprecationWarning: Properties that return a naïve datetime object have been deprecated. Please switch to not_valid_after_utc.
  expiry = cert.not_valid_after.replace(tzinfo=timezone.utc)
[WARN] xmlsec1 non trovato, skip firma
--- ERRORI in metadata/cvtiap.xml ---
[1.5.2] OrgName deve avere almeno 'it' e 'en' ❌
[1.5.5] OrgDisplayName deve avere almeno 'it' e 'en' ❌
[1.5.8] OrgURL deve avere almeno 'it' e 'en' ❌
/home/runner/work/spid-registry-repo/spid-registry-repo/scripts/validate_metadata_qad.py:84: CryptographyDeprecationWarning: Properties that return a naïve datetime object have been deprecated. Please switch to not_valid_after_utc.
  expiry = cert.not_valid_after.replace(tzinfo=timezone.utc)
[WARN] xmlsec1 non trovato, skip firma
--- ERRORI in metadata/duefoglie__01190430262.xml ---
[1.5.2] OrgName deve avere almeno 'it' e 'en' ❌
[1.5.5] OrgDisplayName deve avere almeno 'it' e 'en' ❌
[1.5.8] OrgURL deve avere almeno 'it' e 'en' ❌
/home/runner/work/spid-registry-repo/spid-registry-repo/scripts/validate_metadata_qad.py:84: CryptographyDeprecationWarning: Properties that return a naïve datetime object have been deprecated. Please switch to not_valid_after_utc.
  expiry = cert.not_valid_after.replace(tzinfo=timezone.utc)
[WARN] xmlsec1 non trovato, skip firma
--- ERRORI in metadata/fsfc__03393760719.xml ---
[1.5.2] OrgName deve avere almeno 'it' e 'en' ❌
[1.5.5] OrgDisplayName deve avere almeno 'it' e 'en' ❌
[1.5.8] OrgURL deve avere almeno 'it' e 'en' ❌
/home/runner/work/spid-registry-repo/spid-registry-repo/scripts/validate_metadata_qad.py:84: CryptographyDeprecationWarning: Properties that return a naïve datetime object have been deprecated. Please switch to not_valid_after_utc.
  expiry = cert.not_valid_after.replace(tzinfo=timezone.utc)
[WARN] xmlsec1 non trovato, skip firma
--- ERRORI in metadata/icab__00838520880.xml ---
[1.5.2] OrgName deve avere almeno 'it' e 'en' ❌
[1.5.5] OrgDisplayName deve avere almeno 'it' e 'en' ❌
[1.5.8] OrgURL deve avere almeno 'it' e 'en' ❌
/home/runner/work/spid-registry-repo/spid-registry-repo/scripts/validate_metadata_qad.py:84: CryptographyDeprecationWarning: Properties that return a naïve datetime object have been deprecated. Please switch to not_valid_after_utc.
  expiry = cert.not_valid_after.replace(tzinfo=timezone.utc)
[WARN] xmlsec1 non trovato, skip firma
--- ERRORI in metadata/iccomfo__00838520880.xml ---
[1.5.2] OrgName deve avere almeno 'it' e 'en' ❌
[1.5.5] OrgDisplayName deve avere almeno 'it' e 'en' ❌
[1.5.8] OrgURL deve avere almeno 'it' e 'en' ❌
/home/runner/work/spid-registry-repo/spid-registry-repo/scripts/validate_metadata_qad.py:84: CryptographyDeprecationWarning: Properties that return a naïve datetime object have been deprecated. Please switch to not_valid_after_utc.
  expiry = cert.not_valid_after.replace(tzinfo=timezone.utc)
[WARN] xmlsec1 non trovato, skip firma
--- ERRORI in metadata/idis_0__00838520880.xml ---
[1.5.2] OrgName deve avere almeno 'it' e 'en' ❌
[1.5.5] OrgDisplayName deve avere almeno 'it' e 'en' ❌
[1.5.8] OrgURL deve avere almeno 'it' e 'en' ❌
/home/runner/work/spid-registry-repo/spid-registry-repo/scripts/validate_metadata_qad.py:84: CryptographyDeprecationWarning: Properties that return a naïve datetime object have been deprecated. Please switch to not_valid_after_utc.
  expiry = cert.not_valid_after.replace(tzinfo=timezone.utc)
[WARN] xmlsec1 non trovato, skip firma
--- ERRORI in metadata/indire.xml ---
[1.5.2] OrgName deve avere almeno 'it' e 'en' ❌
[1.5.5] OrgDisplayName deve avere almeno 'it' e 'en' ❌
[1.5.8] OrgURL deve avere almeno 'it' e 'en' ❌
/home/runner/work/spid-registry-repo/spid-registry-repo/scripts/validate_metadata_qad.py:84: CryptographyDeprecationWarning: Properties that return a naïve datetime object have been deprecated. Please switch to not_valid_after_utc.
  expiry = cert.not_valid_after.replace(tzinfo=timezone.utc)
[WARN] xmlsec1 non trovato, skip firma
--- ERRORI in metadata/isfm_063__00838520880.xml ---
[1.5.2] OrgName deve avere almeno 'it' e 'en' ❌
[1.5.5] OrgDisplayName deve avere almeno 'it' e 'en' ❌
[1.5.8] OrgURL deve avere almeno 'it' e 'en' ❌
/home/runner/work/spid-registry-repo/spid-registry-repo/scripts/validate_metadata_qad.py:84: CryptographyDeprecationWarning: Properties that return a naïve datetime object have been deprecated. Please switch to not_valid_after_utc.
  expiry = cert.not_valid_after.replace(tzinfo=timezone.utc)
[WARN] xmlsec1 non trovato, skip firma
--- ERRORI in metadata/iss_rm.xml ---
[1.5.2] OrgName deve avere almeno 'it' e 'en' ❌
[1.5.5] OrgDisplayName deve avere almeno 'it' e 'en' ❌
[1.5.8] OrgURL deve avere almeno 'it' e 'en' ❌
/home/runner/work/spid-registry-repo/spid-registry-repo/scripts/validate_metadata_qad.py:84: CryptographyDeprecationWarning: Properties that return a naïve datetime object have been deprecated. Please switch to not_valid_after_utc.
  expiry = cert.not_valid_after.replace(tzinfo=timezone.utc)
[WARN] xmlsec1 non trovato, skip firma
--- ERRORI in metadata/istat.xml ---
[1.5.2] OrgName deve avere almeno 'it' e 'en' ❌
[1.5.5] OrgDisplayName deve avere almeno 'it' e 'en' ❌
[1.5.8] OrgURL deve avere almeno 'it' e 'en' ❌
/home/runner/work/spid-registry-repo/spid-registry-repo/scripts/validate_metadata_qad.py:84: CryptographyDeprecationWarning: Properties that return a naïve datetime object have been deprecated. Please switch to not_valid_after_utc.
  expiry = cert.not_valid_after.replace(tzinfo=timezone.utc)
[WARN] xmlsec1 non trovato, skip firma
--- ERRORI in metadata/istsc_AQIC83800R__00838520880.xml ---
[1.5.2] OrgName deve avere almeno 'it' e 'en' ❌
[1.5.5] OrgDisplayName deve avere almeno 'it' e 'en' ❌
[1.5.8] OrgURL deve avere almeno 'it' e 'en' ❌
/home/runner/work/spid-registry-repo/spid-registry-repo/scripts/validate_metadata_qad.py:84: CryptographyDeprecationWarning: Properties that return a naïve datetime object have been deprecated. Please switch to not_valid_after_utc.
  expiry = cert.not_valid_after.replace(tzinfo=timezone.utc)
[WARN] xmlsec1 non trovato, skip firma
--- ERRORI in metadata/istsc_TOIC895002__00838520880.xml ---
[1.5.2] OrgName deve avere almeno 'it' e 'en' ❌
[1.5.5] OrgDisplayName deve avere almeno 'it' e 'en' ❌
[1.5.8] OrgURL deve avere almeno 'it' e 'en' ❌
/home/runner/work/spid-registry-repo/spid-registry-repo/scripts/validate_metadata_qad.py:84: CryptographyDeprecationWarning: Properties that return a naïve datetime object have been deprecated. Please switch to not_valid_after_utc.
  expiry = cert.not_valid_after.replace(tzinfo=timezone.utc)
[WARN] xmlsec1 non trovato, skip firma
--- ERRORI in metadata/istsc_agtd09000r__00838520880.xml ---
[1.5.2] OrgName deve avere almeno 'it' e 'en' ❌
[1.5.5] OrgDisplayName deve avere almeno 'it' e 'en' ❌
[1.5.8] OrgURL deve avere almeno 'it' e 'en' ❌
/home/runner/work/spid-registry-repo/spid-registry-repo/scripts/validate_metadata_qad.py:84: CryptographyDeprecationWarning: Properties that return a naïve datetime object have been deprecated. Please switch to not_valid_after_utc.
  expiry = cert.not_valid_after.replace(tzinfo=timezone.utc)
[WARN] xmlsec1 non trovato, skip firma
--- ERRORI in metadata/istsc_bapc04000l__00838520880.xml ---
[1.5.2] OrgName deve avere almeno 'it' e 'en' ❌
[1.5.5] OrgDisplayName deve avere almeno 'it' e 'en' ❌
[1.5.8] OrgURL deve avere almeno 'it' e 'en' ❌
/home/runner/work/spid-registry-repo/spid-registry-repo/scripts/validate_metadata_qad.py:84: CryptographyDeprecationWarning: Properties that return a naïve datetime object have been deprecated. Please switch to not_valid_after_utc.
  expiry = cert.not_valid_after.replace(tzinfo=timezone.utc)
[WARN] xmlsec1 non trovato, skip firma
--- ERRORI in metadata/istsc_bgic81600a__00838520880.xml ---
[1.5.2] OrgName deve avere almeno 'it' e 'en' ❌
[1.5.5] OrgDisplayName deve avere almeno 'it' e 'en' ❌
[1.5.8] OrgURL deve avere almeno 'it' e 'en' ❌
/home/runner/work/spid-registry-repo/spid-registry-repo/scripts/validate_metadata_qad.py:84: CryptographyDeprecationWarning: Properties that return a naïve datetime object have been deprecated. Please switch to not_valid_after_utc.
  expiry = cert.not_valid_after.replace(tzinfo=timezone.utc)
[WARN] xmlsec1 non trovato, skip firma
--- ERRORI in metadata/istsc_bgic83600g__00838520880.xml ---
[1.5.2] OrgName deve avere almeno 'it' e 'en' ❌
[1.5.5] OrgDisplayName deve avere almeno 'it' e 'en' ❌
[1.5.8] OrgURL deve avere almeno 'it' e 'en' ❌
/home/runner/work/spid-registry-repo/spid-registry-repo/scripts/validate_metadata_qad.py:84: CryptographyDeprecationWarning: Properties that return a naïve datetime object have been deprecated. Please switch to not_valid_after_utc.
  expiry = cert.not_valid_after.replace(tzinfo=timezone.utc)
[WARN] xmlsec1 non trovato, skip firma
--- ERRORI in metadata/istsc_bgpm02000l__00838520880.xml ---
[1.5.2] OrgName deve avere almeno 'it' e 'en' ❌
[1.5.5] OrgDisplayName deve avere almeno 'it' e 'en' ❌
[1.5.8] OrgURL deve avere almeno 'it' e 'en' ❌
/home/runner/work/spid-registry-repo/spid-registry-repo/scripts/validate_metadata_qad.py:84: CryptographyDeprecationWarning: Properties that return a naïve datetime object have been deprecated. Please switch to not_valid_after_utc.
  expiry = cert.not_valid_after.replace(tzinfo=timezone.utc)
[WARN] xmlsec1 non trovato, skip firma
--- ERRORI in metadata/istsc_bnis01600q__01261280620.xml ---
[1.5.2] OrgName deve avere almeno 'it' e 'en' ❌
[1.5.5] OrgDisplayName deve avere almeno 'it' e 'en' ❌
[1.5.8] OrgURL deve avere almeno 'it' e 'en' ❌
/home/runner/work/spid-registry-repo/spid-registry-repo/scripts/validate_metadata_qad.py:84: CryptographyDeprecationWarning: Properties that return a naïve datetime object have been deprecated. Please switch to not_valid_after_utc.
  expiry = cert.not_valid_after.replace(tzinfo=timezone.utc)
[WARN] xmlsec1 non trovato, skip firma
--- ERRORI in metadata/istsc_bsic85300t__00838520880.xml ---
[1.5.2] OrgName deve avere almeno 'it' e 'en' ❌
[1.5.5] OrgDisplayName deve avere almeno 'it' e 'en' ❌
[1.5.8] OrgURL deve avere almeno 'it' e 'en' ❌
/home/runner/work/spid-registry-repo/spid-registry-repo/scripts/validate_metadata_qad.py:84: CryptographyDeprecationWarning: Properties that return a naïve datetime object have been deprecated. Please switch to not_valid_after_utc.
  expiry = cert.not_valid_after.replace(tzinfo=timezone.utc)
[WARN] xmlsec1 non trovato, skip firma
--- ERRORI in metadata/istsc_ceps02000t__00838520880.xml ---
[1.5.2] OrgName deve avere almeno 'it' e 'en' ❌
[1.5.5] OrgDisplayName deve avere almeno 'it' e 'en' ❌
[1.5.8] OrgURL deve avere almeno 'it' e 'en' ❌
/home/runner/work/spid-registry-repo/spid-registry-repo/scripts/validate_metadata_qad.py:84: CryptographyDeprecationWarning: Properties that return a naïve datetime object have been deprecated. Please switch to not_valid_after_utc.
  expiry = cert.not_valid_after.replace(tzinfo=timezone.utc)
[WARN] xmlsec1 non trovato, skip firma
--- ERRORI in metadata/istsc_chpm02000g__00838520880.xml ---
[1.5.2] OrgName deve avere almeno 'it' e 'en' ❌
[1.5.5] OrgDisplayName deve avere almeno 'it' e 'en' ❌
[1.5.8] OrgURL deve avere almeno 'it' e 'en' ❌
/home/runner/work/spid-registry-repo/spid-registry-repo/scripts/validate_metadata_qad.py:84: CryptographyDeprecationWarning: Properties that return a naïve datetime object have been deprecated. Please switch to not_valid_after_utc.
  expiry = cert.not_valid_after.replace(tzinfo=timezone.utc)
[WARN] xmlsec1 non trovato, skip firma
--- ERRORI in metadata/istsc_czic864001__00838520880.xml ---
[1.5.2] OrgName deve avere almeno 'it' e 'en' ❌
[1.5.5] OrgDisplayName deve avere almeno 'it' e 'en' ❌
[1.5.8] OrgURL deve avere almeno 'it' e 'en' ❌
/home/runner/work/spid-registry-repo/spid-registry-repo/scripts/validate_metadata_qad.py:84: CryptographyDeprecationWarning: Properties that return a naïve datetime object have been deprecated. Please switch to not_valid_after_utc.
  expiry = cert.not_valid_after.replace(tzinfo=timezone.utc)
[WARN] xmlsec1 non trovato, skip firma
--- ERRORI in metadata/istsc_fgic83300b__00838520880.xml ---
[1.5.2] OrgName deve avere almeno 'it' e 'en' ❌
[1.5.5] OrgDisplayName deve avere almeno 'it' e 'en' ❌
[1.5.8] OrgURL deve avere almeno 'it' e 'en' ❌
/home/runner/work/spid-registry-repo/spid-registry-repo/scripts/validate_metadata_qad.py:84: CryptographyDeprecationWarning: Properties that return a naïve datetime object have been deprecated. Please switch to not_valid_after_utc.
  expiry = cert.not_valid_after.replace(tzinfo=timezone.utc)
[WARN] xmlsec1 non trovato, skip firma
--- ERRORI in metadata/istsc_leic896001__00838520880.xml ---
[1.5.2] OrgName deve avere almeno 'it' e 'en' ❌
[1.5.5] OrgDisplayName deve avere almeno 'it' e 'en' ❌
[1.5.8] OrgURL deve avere almeno 'it' e 'en' ❌
/home/runner/work/spid-registry-repo/spid-registry-repo/scripts/validate_metadata_qad.py:84: CryptographyDeprecationWarning: Properties that return a naïve datetime object have been deprecated. Please switch to not_valid_after_utc.
  expiry = cert.not_valid_after.replace(tzinfo=timezone.utc)
[WARN] xmlsec1 non trovato, skip firma
--- ERRORI in metadata/istsc_metf040006__00838520880.xml ---
[1.5.2] OrgName deve avere almeno 'it' e 'en' ❌
[1.5.5] OrgDisplayName deve avere almeno 'it' e 'en' ❌
[1.5.8] OrgURL deve avere almeno 'it' e 'en' ❌
/home/runner/work/spid-registry-repo/spid-registry-repo/scripts/validate_metadata_qad.py:84: CryptographyDeprecationWarning: Properties that return a naïve datetime object have been deprecated. Please switch to not_valid_after_utc.
  expiry = cert.not_valid_after.replace(tzinfo=timezone.utc)
[WARN] xmlsec1 non trovato, skip firma
--- ERRORI in metadata/istsc_miic831003__00838520880.xml ---
[1.5.2] OrgName deve avere almeno 'it' e 'en' ❌
[1.5.5] OrgDisplayName deve avere almeno 'it' e 'en' ❌
[1.5.8] OrgURL deve avere almeno 'it' e 'en' ❌
/home/runner/work/spid-registry-repo/spid-registry-repo/scripts/validate_metadata_qad.py:84: CryptographyDeprecationWarning: Properties that return a naïve datetime object have been deprecated. Please switch to not_valid_after_utc.
  expiry = cert.not_valid_after.replace(tzinfo=timezone.utc)
[WARN] xmlsec1 non trovato, skip firma
--- ERRORI in metadata/istsc_miic8d5001__00838520880.xml ---
[1.5.2] OrgName deve avere almeno 'it' e 'en' ❌
[1.5.5] OrgDisplayName deve avere almeno 'it' e 'en' ❌
[1.5.8] OrgURL deve avere almeno 'it' e 'en' ❌
/home/runner/work/spid-registry-repo/spid-registry-repo/scripts/validate_metadata_qad.py:84: CryptographyDeprecationWarning: Properties that return a naïve datetime object have been deprecated. Please switch to not_valid_after_utc.
  expiry = cert.not_valid_after.replace(tzinfo=timezone.utc)
[WARN] xmlsec1 non trovato, skip firma
--- ERRORI in metadata/istsc_msis01800l__03393760719.xml ---
[1.5.2] OrgName deve avere almeno 'it' e 'en' ❌
[1.5.5] OrgDisplayName deve avere almeno 'it' e 'en' ❌
[1.5.8] OrgURL deve avere almeno 'it' e 'en' ❌
/home/runner/work/spid-registry-repo/spid-registry-repo/scripts/validate_metadata_qad.py:84: CryptographyDeprecationWarning: Properties that return a naïve datetime object have been deprecated. Please switch to not_valid_after_utc.
  expiry = cert.not_valid_after.replace(tzinfo=timezone.utc)
[WARN] xmlsec1 non trovato, skip firma
--- ERRORI in metadata/istsc_mtic83200t__00838520880.xml ---
[1.5.2] OrgName deve avere almeno 'it' e 'en' ❌
[1.5.5] OrgDisplayName deve avere almeno 'it' e 'en' ❌
[1.5.8] OrgURL deve avere almeno 'it' e 'en' ❌
/home/runner/work/spid-registry-repo/spid-registry-repo/scripts/validate_metadata_qad.py:84: CryptographyDeprecationWarning: Properties that return a naïve datetime object have been deprecated. Please switch to not_valid_after_utc.
  expiry = cert.not_valid_after.replace(tzinfo=timezone.utc)
[WARN] xmlsec1 non trovato, skip firma
--- ERRORI in metadata/istsc_naic8al00b__00838520880.xml ---
[1.5.2] OrgName deve avere almeno 'it' e 'en' ❌
[1.5.5] OrgDisplayName deve avere almeno 'it' e 'en' ❌
[1.5.8] OrgURL deve avere almeno 'it' e 'en' ❌
/home/runner/work/spid-registry-repo/spid-registry-repo/scripts/validate_metadata_qad.py:84: CryptographyDeprecationWarning: Properties that return a naïve datetime object have been deprecated. Please switch to not_valid_after_utc.
  expiry = cert.not_valid_after.replace(tzinfo=timezone.utc)
[WARN] xmlsec1 non trovato, skip firma
--- ERRORI in metadata/istsc_nais013007__00838520880.xml ---
[1.5.2] OrgName deve avere almeno 'it' e 'en' ❌
[1.5.5] OrgDisplayName deve avere almeno 'it' e 'en' ❌
[1.5.8] OrgURL deve avere almeno 'it' e 'en' ❌
/home/runner/work/spid-registry-repo/spid-registry-repo/scripts/validate_metadata_qad.py:84: CryptographyDeprecationWarning: Properties that return a naïve datetime object have been deprecated. Please switch to not_valid_after_utc.
  expiry = cert.not_valid_after.replace(tzinfo=timezone.utc)
[WARN] xmlsec1 non trovato, skip firma
--- ERRORI in metadata/istsc_naps32000a__00838520880.xml ---
[1.5.2] OrgName deve avere almeno 'it' e 'en' ❌
[1.5.5] OrgDisplayName deve avere almeno 'it' e 'en' ❌
[1.5.8] OrgURL deve avere almeno 'it' e 'en' ❌
/home/runner/work/spid-registry-repo/spid-registry-repo/scripts/validate_metadata_qad.py:84: CryptographyDeprecationWarning: Properties that return a naïve datetime object have been deprecated. Please switch to not_valid_after_utc.
  expiry = cert.not_valid_after.replace(tzinfo=timezone.utc)
[WARN] xmlsec1 non trovato, skip firma
--- ERRORI in metadata/istsc_narh17000b__00838520880.xml ---
[1.5.2] OrgName deve avere almeno 'it' e 'en' ❌
[1.5.5] OrgDisplayName deve avere almeno 'it' e 'en' ❌
[1.5.8] OrgURL deve avere almeno 'it' e 'en' ❌
/home/runner/work/spid-registry-repo/spid-registry-repo/scripts/validate_metadata_qad.py:84: CryptographyDeprecationWarning: Properties that return a naïve datetime object have been deprecated. Please switch to not_valid_after_utc.
  expiry = cert.not_valid_after.replace(tzinfo=timezone.utc)
[WARN] xmlsec1 non trovato, skip firma
--- ERRORI in metadata/istsc_nois00400b__00838520880.xml ---
[1.5.2] OrgName deve avere almeno 'it' e 'en' ❌
[1.5.5] OrgDisplayName deve avere almeno 'it' e 'en' ❌
[1.5.8] OrgURL deve avere almeno 'it' e 'en' ❌
/home/runner/work/spid-registry-repo/spid-registry-repo/scripts/validate_metadata_qad.py:84: CryptographyDeprecationWarning: Properties that return a naïve datetime object have been deprecated. Please switch to not_valid_after_utc.
  expiry = cert.not_valid_after.replace(tzinfo=timezone.utc)
[WARN] xmlsec1 non trovato, skip firma
--- ERRORI in metadata/istsc_nops010004__00838520880.xml ---
[1.5.2] OrgName deve avere almeno 'it' e 'en' ❌
[1.5.5] OrgDisplayName deve avere almeno 'it' e 'en' ❌
[1.5.8] OrgURL deve avere almeno 'it' e 'en' ❌
/home/runner/work/spid-registry-repo/spid-registry-repo/scripts/validate_metadata_qad.py:84: CryptographyDeprecationWarning: Properties that return a naïve datetime object have been deprecated. Please switch to not_valid_after_utc.
  expiry = cert.not_valid_after.replace(tzinfo=timezone.utc)
[WARN] xmlsec1 non trovato, skip firma
--- ERRORI in metadata/istsc_pttd020005__00838520880.xml ---
[1.5.2] OrgName deve avere almeno 'it' e 'en' ❌
[1.5.5] OrgDisplayName deve avere almeno 'it' e 'en' ❌
[1.5.8] OrgURL deve avere almeno 'it' e 'en' ❌
/home/runner/work/spid-registry-repo/spid-registry-repo/scripts/validate_metadata_qad.py:84: CryptographyDeprecationWarning: Properties that return a naïve datetime object have been deprecated. Please switch to not_valid_after_utc.
  expiry = cert.not_valid_after.replace(tzinfo=timezone.utc)
[WARN] xmlsec1 non trovato, skip firma
--- ERRORI in metadata/istsc_pvic81200b__00838520880.xml ---
[1.5.2] OrgName deve avere almeno 'it' e 'en' ❌
[1.5.5] OrgDisplayName deve avere almeno 'it' e 'en' ❌
[1.5.8] OrgURL deve avere almeno 'it' e 'en' ❌
/home/runner/work/spid-registry-repo/spid-registry-repo/scripts/validate_metadata_qad.py:84: CryptographyDeprecationWarning: Properties that return a naïve datetime object have been deprecated. Please switch to not_valid_after_utc.
  expiry = cert.not_valid_after.replace(tzinfo=timezone.utc)
[WARN] xmlsec1 non trovato, skip firma
--- ERRORI in metadata/istsc_pvic814003__00838520880.xml ---
[1.5.2] OrgName deve avere almeno 'it' e 'en' ❌
[1.5.5] OrgDisplayName deve avere almeno 'it' e 'en' ❌
[1.5.8] OrgURL deve avere almeno 'it' e 'en' ❌
/home/runner/work/spid-registry-repo/spid-registry-repo/scripts/validate_metadata_qad.py:84: CryptographyDeprecationWarning: Properties that return a naïve datetime object have been deprecated. Please switch to not_valid_after_utc.
  expiry = cert.not_valid_after.replace(tzinfo=timezone.utc)
[WARN] xmlsec1 non trovato, skip firma
--- ERRORI in metadata/istsc_riis001009__00838520880.xml ---
[1.5.2] OrgName deve avere almeno 'it' e 'en' ❌
[1.5.5] OrgDisplayName deve avere almeno 'it' e 'en' ❌
[1.5.8] OrgURL deve avere almeno 'it' e 'en' ❌
/home/runner/work/spid-registry-repo/spid-registry-repo/scripts/validate_metadata_qad.py:84: CryptographyDeprecationWarning: Properties that return a naïve datetime object have been deprecated. Please switch to not_valid_after_utc.
  expiry = cert.not_valid_after.replace(tzinfo=timezone.utc)
[WARN] xmlsec1 non trovato, skip firma
--- ERRORI in metadata/istsc_siic806004__00838520880.xml ---
[1.5.2] OrgName deve avere almeno 'it' e 'en' ❌
[1.5.5] OrgDisplayName deve avere almeno 'it' e 'en' ❌
[1.5.8] OrgURL deve avere almeno 'it' e 'en' ❌
/home/runner/work/spid-registry-repo/spid-registry-repo/scripts/validate_metadata_qad.py:84: CryptographyDeprecationWarning: Properties that return a naïve datetime object have been deprecated. Please switch to not_valid_after_utc.
  expiry = cert.not_valid_after.replace(tzinfo=timezone.utc)
[WARN] xmlsec1 non trovato, skip firma
--- ERRORI in metadata/istsc_teic82200q__00838520880.xml ---
[1.5.2] OrgName deve avere almeno 'it' e 'en' ❌
[1.5.5] OrgDisplayName deve avere almeno 'it' e 'en' ❌
[1.5.8] OrgURL deve avere almeno 'it' e 'en' ❌
/home/runner/work/spid-registry-repo/spid-registry-repo/scripts/validate_metadata_qad.py:84: CryptographyDeprecationWarning: Properties that return a naïve datetime object have been deprecated. Please switch to not_valid_after_utc.
  expiry = cert.not_valid_after.replace(tzinfo=timezone.utc)
[WARN] xmlsec1 non trovato, skip firma
--- ERRORI in metadata/istsc_toic82500q__00838520880.xml ---
[1.5.2] OrgName deve avere almeno 'it' e 'en' ❌
[1.5.5] OrgDisplayName deve avere almeno 'it' e 'en' ❌
[1.5.8] OrgURL deve avere almeno 'it' e 'en' ❌
/home/runner/work/spid-registry-repo/spid-registry-repo/scripts/validate_metadata_qad.py:84: CryptographyDeprecationWarning: Properties that return a naïve datetime object have been deprecated. Please switch to not_valid_after_utc.
  expiry = cert.not_valid_after.replace(tzinfo=timezone.utc)
[WARN] xmlsec1 non trovato, skip firma
--- ERRORI in metadata/istsc_toic83500a__00838520880.xml ---
[1.5.2] OrgName deve avere almeno 'it' e 'en' ❌
[1.5.5] OrgDisplayName deve avere almeno 'it' e 'en' ❌
[1.5.8] OrgURL deve avere almeno 'it' e 'en' ❌
/home/runner/work/spid-registry-repo/spid-registry-repo/scripts/validate_metadata_qad.py:84: CryptographyDeprecationWarning: Properties that return a naïve datetime object have been deprecated. Please switch to not_valid_after_utc.
  expiry = cert.not_valid_after.replace(tzinfo=timezone.utc)
[WARN] xmlsec1 non trovato, skip firma
--- ERRORI in metadata/istsc_toic89200e__00838520880.xml ---
[1.5.2] OrgName deve avere almeno 'it' e 'en' ❌
[1.5.5] OrgDisplayName deve avere almeno 'it' e 'en' ❌
[1.5.8] OrgURL deve avere almeno 'it' e 'en' ❌
/home/runner/work/spid-registry-repo/spid-registry-repo/scripts/validate_metadata_qad.py:84: CryptographyDeprecationWarning: Properties that return a naïve datetime object have been deprecated. Please switch to not_valid_after_utc.
  expiry = cert.not_valid_after.replace(tzinfo=timezone.utc)
[WARN] xmlsec1 non trovato, skip firma
--- ERRORI in metadata/istsc_toic8ac00d__00838520880.xml ---
[1.5.2] OrgName deve avere almeno 'it' e 'en' ❌
[1.5.5] OrgDisplayName deve avere almeno 'it' e 'en' ❌
[1.5.8] OrgURL deve avere almeno 'it' e 'en' ❌
/home/runner/work/spid-registry-repo/spid-registry-repo/scripts/validate_metadata_qad.py:84: CryptographyDeprecationWarning: Properties that return a naïve datetime object have been deprecated. Please switch to not_valid_after_utc.
  expiry = cert.not_valid_after.replace(tzinfo=timezone.utc)
[WARN] xmlsec1 non trovato, skip firma
--- ERRORI in metadata/istsc_tpis02600n__00838520880.xml ---
[1.5.2] OrgName deve avere almeno 'it' e 'en' ❌
[1.5.5] OrgDisplayName deve avere almeno 'it' e 'en' ❌
[1.5.8] OrgURL deve avere almeno 'it' e 'en' ❌
/home/runner/work/spid-registry-repo/spid-registry-repo/scripts/validate_metadata_qad.py:84: CryptographyDeprecationWarning: Properties that return a naïve datetime object have been deprecated. Please switch to not_valid_after_utc.
  expiry = cert.not_valid_after.replace(tzinfo=timezone.utc)
[WARN] xmlsec1 non trovato, skip firma
--- ERRORI in metadata/istsc_vbic80800e__00838520880.xml ---
[1.5.2] OrgName deve avere almeno 'it' e 'en' ❌
[1.5.5] OrgDisplayName deve avere almeno 'it' e 'en' ❌
[1.5.8] OrgURL deve avere almeno 'it' e 'en' ❌
/home/runner/work/spid-registry-repo/spid-registry-repo/scripts/validate_metadata_qad.py:84: CryptographyDeprecationWarning: Properties that return a naïve datetime object have been deprecated. Please switch to not_valid_after_utc.
  expiry = cert.not_valid_after.replace(tzinfo=timezone.utc)
[WARN] xmlsec1 non trovato, skip firma
--- ERRORI in metadata/istsc_viic85300g__03393760719.xml ---
[1.5.2] OrgName deve avere almeno 'it' e 'en' ❌
[1.5.5] OrgDisplayName deve avere almeno 'it' e 'en' ❌
[1.5.8] OrgURL deve avere almeno 'it' e 'en' ❌
/home/runner/work/spid-registry-repo/spid-registry-repo/scripts/validate_metadata_qad.py:84: CryptographyDeprecationWarning: Properties that return a naïve datetime object have been deprecated. Please switch to not_valid_after_utc.
  expiry = cert.not_valid_after.replace(tzinfo=timezone.utc)
[WARN] xmlsec1 non trovato, skip firma
--- ERRORI in metadata/istsc_vtic834005__00838520880.xml ---
[1.5.2] OrgName deve avere almeno 'it' e 'en' ❌
[1.5.5] OrgDisplayName deve avere almeno 'it' e 'en' ❌
[1.5.8] OrgURL deve avere almeno 'it' e 'en' ❌
/home/runner/work/spid-registry-repo/spid-registry-repo/scripts/validate_metadata_qad.py:84: CryptographyDeprecationWarning: Properties that return a naïve datetime object have been deprecated. Please switch to not_valid_after_utc.
  expiry = cert.not_valid_after.replace(tzinfo=timezone.utc)
[WARN] xmlsec1 non trovato, skip firma
--- ERRORI in metadata/itemt__m_pi.xml ---
[1.5.2] OrgName deve avere almeno 'it' e 'en' ❌
[1.5.5] OrgDisplayName deve avere almeno 'it' e 'en' ❌
[1.5.8] OrgURL deve avere almeno 'it' e 'en' ❌
/home/runner/work/spid-registry-repo/spid-registry-repo/scripts/validate_metadata_qad.py:84: CryptographyDeprecationWarning: Properties that return a naïve datetime object have been deprecated. Please switch to not_valid_after_utc.
  expiry = cert.not_valid_after.replace(tzinfo=timezone.utc)
[WARN] xmlsec1 non trovato, skip firma
✅ metadata/lepida__02770891204.xml valido secondo QAD
/home/runner/work/spid-registry-repo/spid-registry-repo/scripts/validate_metadata_qad.py:84: CryptographyDeprecationWarning: Properties that return a naïve datetime object have been deprecated. Please switch to not_valid_after_utc.
  expiry = cert.not_valid_after.replace(tzinfo=timezone.utc)
[WARN] xmlsec1 non trovato, skip firma
--- ERRORI in metadata/m_ae__03393760719.xml ---
[1.5.2] OrgName deve avere almeno 'it' e 'en' ❌
[1.5.5] OrgDisplayName deve avere almeno 'it' e 'en' ❌
[1.5.8] OrgURL deve avere almeno 'it' e 'en' ❌
/home/runner/work/spid-registry-repo/spid-registry-repo/scripts/validate_metadata_qad.py:84: CryptographyDeprecationWarning: Properties that return a naïve datetime object have been deprecated. Please switch to not_valid_after_utc.
  expiry = cert.not_valid_after.replace(tzinfo=timezone.utc)
[WARN] xmlsec1 non trovato, skip firma
--- ERRORI in metadata/m_bac__03393760719.xml ---
[1.5.2] OrgName deve avere almeno 'it' e 'en' ❌
[1.5.5] OrgDisplayName deve avere almeno 'it' e 'en' ❌
[1.5.8] OrgURL deve avere almeno 'it' e 'en' ❌
/home/runner/work/spid-registry-repo/spid-registry-repo/scripts/validate_metadata_qad.py:84: CryptographyDeprecationWarning: Properties that return a naïve datetime object have been deprecated. Please switch to not_valid_after_utc.
  expiry = cert.not_valid_after.replace(tzinfo=timezone.utc)
[WARN] xmlsec1 non trovato, skip firma
--- ERRORI in metadata/m_bac__IT01727860221.xml ---
[1.5.2] OrgName deve avere almeno 'it' e 'en' ❌
[1.5.5] OrgDisplayName deve avere almeno 'it' e 'en' ❌
[1.5.8] OrgURL deve avere almeno 'it' e 'en' ❌
/home/runner/work/spid-registry-repo/spid-registry-repo/scripts/validate_metadata_qad.py:84: CryptographyDeprecationWarning: Properties that return a naïve datetime object have been deprecated. Please switch to not_valid_after_utc.
  expiry = cert.not_valid_after.replace(tzinfo=timezone.utc)
[WARN] xmlsec1 non trovato, skip firma
--- ERRORI in metadata/m_inf.xml ---
[1.5.2] OrgName deve avere almeno 'it' e 'en' ❌
[1.5.5] OrgDisplayName deve avere almeno 'it' e 'en' ❌
[1.5.8] OrgURL deve avere almeno 'it' e 'en' ❌
[Cert 1] Certificato scaduto il 2022-03-06 13:33:50+00:00 ❌
[Cert 2] Certificato scaduto il 2022-03-06 13:44:26+00:00 ❌
[Cert 3] Certificato scaduto il 2022-03-06 13:33:50+00:00 ❌
/home/runner/work/spid-registry-repo/spid-registry-repo/scripts/validate_metadata_qad.py:84: CryptographyDeprecationWarning: Properties that return a naïve datetime object have been deprecated. Please switch to not_valid_after_utc.
  expiry = cert.not_valid_after.replace(tzinfo=timezone.utc)
[WARN] xmlsec1 non trovato, skip firma
--- ERRORI in metadata/m_inf_1.xml ---
[1.5.2] OrgName deve avere almeno 'it' e 'en' ❌
[1.5.5] OrgDisplayName deve avere almeno 'it' e 'en' ❌
[1.5.8] OrgURL deve avere almeno 'it' e 'en' ❌
[Cert 1] Certificato scaduto il 2022-03-06 13:33:50+00:00 ❌
[Cert 3] Certificato scaduto il 2022-03-06 13:44:26+00:00 ❌
[Cert 4] Certificato scaduto il 2022-03-06 13:33:50+00:00 ❌
/home/runner/work/spid-registry-repo/spid-registry-repo/scripts/validate_metadata_qad.py:84: CryptographyDeprecationWarning: Properties that return a naïve datetime object have been deprecated. Please switch to not_valid_after_utc.
  expiry = cert.not_valid_after.replace(tzinfo=timezone.utc)
[WARN] xmlsec1 non trovato, skip firma
--- ERRORI in metadata/m_sa__E6OTW8VC.xml ---
[1.5.2] OrgName deve avere almeno 'it' e 'en' ❌
[1.5.5] OrgDisplayName deve avere almeno 'it' e 'en' ❌
[1.5.8] OrgURL deve avere almeno 'it' e 'en' ❌
/home/runner/work/spid-registry-repo/spid-registry-repo/scripts/validate_metadata_qad.py:84: CryptographyDeprecationWarning: Properties that return a naïve datetime object have been deprecated. Please switch to not_valid_after_utc.
  expiry = cert.not_valid_after.replace(tzinfo=timezone.utc)
[WARN] xmlsec1 non trovato, skip firma
--- ERRORI in metadata/mdsim__03393760719.xml ---
[1.5.2] OrgName deve avere almeno 'it' e 'en' ❌
[1.5.5] OrgDisplayName deve avere almeno 'it' e 'en' ❌
[1.5.8] OrgURL deve avere almeno 'it' e 'en' ❌
/home/runner/work/spid-registry-repo/spid-registry-repo/scripts/validate_metadata_qad.py:84: CryptographyDeprecationWarning: Properties that return a naïve datetime object have been deprecated. Please switch to not_valid_after_utc.
  expiry = cert.not_valid_after.replace(tzinfo=timezone.utc)
[WARN] xmlsec1 non trovato, skip firma
--- ERRORI in metadata/odcecv.xml ---
[1.5.2] OrgName deve avere almeno 'it' e 'en' ❌
[1.5.5] OrgDisplayName deve avere almeno 'it' e 'en' ❌
[1.5.8] OrgURL deve avere almeno 'it' e 'en' ❌
[Cert 1] Certificato scaduto il 2023-10-21 10:08:29+00:00 ❌
[Cert 2] Certificato scaduto il 2023-10-21 10:08:29+00:00 ❌
[Cert 3] Certificato scaduto il 2023-10-21 10:08:29+00:00 ❌
/home/runner/work/spid-registry-repo/spid-registry-repo/scripts/validate_metadata_qad.py:84: CryptographyDeprecationWarning: Properties that return a naïve datetime object have been deprecated. Please switch to not_valid_after_utc.
  expiry = cert.not_valid_after.replace(tzinfo=timezone.utc)
[WARN] xmlsec1 non trovato, skip firma
--- ERRORI in metadata/odip_015.xml ---
[1.5.2] OrgName deve avere almeno 'it' e 'en' ❌
[1.5.5] OrgDisplayName deve avere almeno 'it' e 'en' ❌
[1.5.8] OrgURL deve avere almeno 'it' e 'en' ❌
/home/runner/work/spid-registry-repo/spid-registry-repo/scripts/validate_metadata_qad.py:84: CryptographyDeprecationWarning: Properties that return a naïve datetime object have been deprecated. Please switch to not_valid_after_utc.
  expiry = cert.not_valid_after.replace(tzinfo=timezone.utc)
[WARN] xmlsec1 non trovato, skip firma
--- ERRORI in metadata/odprsa__06457511004.xml ---
[1.5.2] OrgName deve avere almeno 'it' e 'en' ❌
[1.5.5] OrgDisplayName deve avere almeno 'it' e 'en' ❌
[1.5.8] OrgURL deve avere almeno 'it' e 'en' ❌
/home/runner/work/spid-registry-repo/spid-registry-repo/scripts/validate_metadata_qad.py:84: CryptographyDeprecationWarning: Properties that return a naïve datetime object have been deprecated. Please switch to not_valid_after_utc.
  expiry = cert.not_valid_after.replace(tzinfo=timezone.utc)
[WARN] xmlsec1 non trovato, skip firma
--- ERRORI in metadata/omco_re.xml ---
[1.5.2] OrgName deve avere almeno 'it' e 'en' ❌
[1.5.5] OrgDisplayName deve avere almeno 'it' e 'en' ❌
[1.5.8] OrgURL deve avere almeno 'it' e 'en' ❌
[Cert 1] Certificato scaduto il 2022-12-06 15:59:05+00:00 ❌
/home/runner/work/spid-registry-repo/spid-registry-repo/scripts/validate_metadata_qad.py:84: CryptographyDeprecationWarning: Properties that return a naïve datetime object have been deprecated. Please switch to not_valid_after_utc.
  expiry = cert.not_valid_after.replace(tzinfo=timezone.utc)
[WARN] xmlsec1 non trovato, skip firma
--- ERRORI in metadata/p_CE__01850570746.xml ---
[1.5.2] OrgName deve avere almeno 'it' e 'en' ❌
[1.5.5] OrgDisplayName deve avere almeno 'it' e 'en' ❌
[1.5.8] OrgURL deve avere almeno 'it' e 'en' ❌
/home/runner/work/spid-registry-repo/spid-registry-repo/scripts/validate_metadata_qad.py:84: CryptographyDeprecationWarning: Properties that return a naïve datetime object have been deprecated. Please switch to not_valid_after_utc.
  expiry = cert.not_valid_after.replace(tzinfo=timezone.utc)
[WARN] xmlsec1 non trovato, skip firma
--- ERRORI in metadata/p_av__03393760719.xml ---
[1.5.2] OrgName deve avere almeno 'it' e 'en' ❌
[1.5.5] OrgDisplayName deve avere almeno 'it' e 'en' ❌
[1.5.8] OrgURL deve avere almeno 'it' e 'en' ❌
/home/runner/work/spid-registry-repo/spid-registry-repo/scripts/validate_metadata_qad.py:84: CryptographyDeprecationWarning: Properties that return a naïve datetime object have been deprecated. Please switch to not_valid_after_utc.
  expiry = cert.not_valid_after.replace(tzinfo=timezone.utc)
[WARN] xmlsec1 non trovato, skip firma
--- ERRORI in metadata/p_fg__02066400405.xml ---
[1.5.2] OrgName deve avere almeno 'it' e 'en' ❌
[1.5.5] OrgDisplayName deve avere almeno 'it' e 'en' ❌
[1.5.8] OrgURL deve avere almeno 'it' e 'en' ❌
/home/runner/work/spid-registry-repo/spid-registry-repo/scripts/validate_metadata_qad.py:84: CryptographyDeprecationWarning: Properties that return a naïve datetime object have been deprecated. Please switch to not_valid_after_utc.
  expiry = cert.not_valid_after.replace(tzinfo=timezone.utc)
[WARN] xmlsec1 non trovato, skip firma
--- ERRORI in metadata/p_lt__01850570746.xml ---
[1.5.2] OrgName deve avere almeno 'it' e 'en' ❌
[1.5.5] OrgDisplayName deve avere almeno 'it' e 'en' ❌
[1.5.8] OrgURL deve avere almeno 'it' e 'en' ❌
/home/runner/work/spid-registry-repo/spid-registry-repo/scripts/validate_metadata_qad.py:84: CryptographyDeprecationWarning: Properties that return a naïve datetime object have been deprecated. Please switch to not_valid_after_utc.
  expiry = cert.not_valid_after.replace(tzinfo=timezone.utc)
[WARN] xmlsec1 non trovato, skip firma
--- ERRORI in metadata/p_sudsar.xml ---
[1.5.2] OrgName deve avere almeno 'it' e 'en' ❌
[1.5.5] OrgDisplayName deve avere almeno 'it' e 'en' ❌
[1.5.8] OrgURL deve avere almeno 'it' e 'en' ❌
/home/runner/work/spid-registry-repo/spid-registry-repo/scripts/validate_metadata_qad.py:84: CryptographyDeprecationWarning: Properties that return a naïve datetime object have been deprecated. Please switch to not_valid_after_utc.
  expiry = cert.not_valid_after.replace(tzinfo=timezone.utc)
[WARN] xmlsec1 non trovato, skip firma
--- ERRORI in metadata/pr_orob__02066400405.xml ---
[1.5.2] OrgName deve avere almeno 'it' e 'en' ❌
[1.5.5] OrgDisplayName deve avere almeno 'it' e 'en' ❌
[1.5.8] OrgURL deve avere almeno 'it' e 'en' ❌
/home/runner/work/spid-registry-repo/spid-registry-repo/scripts/validate_metadata_qad.py:84: CryptographyDeprecationWarning: Properties that return a naïve datetime object have been deprecated. Please switch to not_valid_after_utc.
  expiry = cert.not_valid_after.replace(tzinfo=timezone.utc)
[WARN] xmlsec1 non trovato, skip firma
✅ metadata/r_emiro__02770891204.xml valido secondo QAD
/home/runner/work/spid-registry-repo/spid-registry-repo/scripts/validate_metadata_qad.py:84: CryptographyDeprecationWarning: Properties that return a naïve datetime object have been deprecated. Please switch to not_valid_after_utc.
  expiry = cert.not_valid_after.replace(tzinfo=timezone.utc)
[WARN] xmlsec1 non trovato, skip firma
--- ERRORI in metadata/r_molise__03393760719.xml ---
[1.5.2] OrgName deve avere almeno 'it' e 'en' ❌
[1.5.5] OrgDisplayName deve avere almeno 'it' e 'en' ❌
[1.5.8] OrgURL deve avere almeno 'it' e 'en' ❌
/home/runner/work/spid-registry-repo/spid-registry-repo/scripts/validate_metadata_qad.py:84: CryptographyDeprecationWarning: Properties that return a naïve datetime object have been deprecated. Please switch to not_valid_after_utc.
  expiry = cert.not_valid_after.replace(tzinfo=timezone.utc)
[WARN] xmlsec1 non trovato, skip firma
--- ERRORI in metadata/r_sardeg.xml ---
[1.5.2] OrgName deve avere almeno 'it' e 'en' ❌
[1.5.5] OrgDisplayName deve avere almeno 'it' e 'en' ❌
[1.5.8] OrgURL deve avere almeno 'it' e 'en' ❌
/home/runner/work/spid-registry-repo/spid-registry-repo/scripts/validate_metadata_qad.py:84: CryptographyDeprecationWarning: Properties that return a naïve datetime object have been deprecated. Please switch to not_valid_after_utc.
  expiry = cert.not_valid_after.replace(tzinfo=timezone.utc)
[WARN] xmlsec1 non trovato, skip firma
--- ERRORI in metadata/r_veneto.xml ---
[Cert 1] Certificato scaduto il 2023-08-08 05:27:34+00:00 ❌
[Cert 2] Certificato scaduto il 2023-08-08 05:27:34+00:00 ❌
/home/runner/work/spid-registry-repo/spid-registry-repo/scripts/validate_metadata_qad.py:84: CryptographyDeprecationWarning: Properties that return a naïve datetime object have been deprecated. Please switch to not_valid_after_utc.
  expiry = cert.not_valid_after.replace(tzinfo=timezone.utc)
[WARN] xmlsec1 non trovato, skip firma
--- ERRORI in metadata/rseu_087.xml ---
[1.5.2] OrgName deve avere almeno 'it' e 'en' ❌
[1.5.5] OrgDisplayName deve avere almeno 'it' e 'en' ❌
[1.5.8] OrgURL deve avere almeno 'it' e 'en' ❌
/home/runner/work/spid-registry-repo/spid-registry-repo/scripts/validate_metadata_qad.py:84: CryptographyDeprecationWarning: Properties that return a naïve datetime object have been deprecated. Please switch to not_valid_after_utc.
  expiry = cert.not_valid_after.replace(tzinfo=timezone.utc)
[WARN] xmlsec1 non trovato, skip firma
--- ERRORI in metadata/sehsp__03393760719.xml ---
[1.5.2] OrgName deve avere almeno 'it' e 'en' ❌
[1.5.5] OrgDisplayName deve avere almeno 'it' e 'en' ❌
[1.5.8] OrgURL deve avere almeno 'it' e 'en' ❌
/home/runner/work/spid-registry-repo/spid-registry-repo/scripts/validate_metadata_qad.py:84: CryptographyDeprecationWarning: Properties that return a naïve datetime object have been deprecated. Please switch to not_valid_after_utc.
  expiry = cert.not_valid_after.replace(tzinfo=timezone.utc)
[WARN] xmlsec1 non trovato, skip firma
--- ERRORI in metadata/sssg__00838520880.xml ---
[1.5.2] OrgName deve avere almeno 'it' e 'en' ❌
[1.5.5] OrgDisplayName deve avere almeno 'it' e 'en' ❌
[1.5.8] OrgURL deve avere almeno 'it' e 'en' ❌
/home/runner/work/spid-registry-repo/spid-registry-repo/scripts/validate_metadata_qad.py:84: CryptographyDeprecationWarning: Properties that return a naïve datetime object have been deprecated. Please switch to not_valid_after_utc.
  expiry = cert.not_valid_after.replace(tzinfo=timezone.utc)
[WARN] xmlsec1 non trovato, skip firma
✅ metadata/uc_matil__02770891204.xml valido secondo QAD
/home/runner/work/spid-registry-repo/spid-registry-repo/scripts/validate_metadata_qad.py:84: CryptographyDeprecationWarning: Properties that return a naïve datetime object have been deprecated. Please switch to not_valid_after_utc.
  expiry = cert.not_valid_after.replace(tzinfo=timezone.utc)
[WARN] xmlsec1 non trovato, skip firma
✅ metadata/ucltdg.xml valido secondo QAD
/home/runner/work/spid-registry-repo/spid-registry-repo/scripts/validate_metadata_qad.py:84: CryptographyDeprecationWarning: Properties that return a naïve datetime object have been deprecated. Please switch to not_valid_after_utc.
  expiry = cert.not_valid_after.replace(tzinfo=timezone.utc)
[WARN] xmlsec1 non trovato, skip firma
--- ERRORI in metadata/udctf_fe__01818301200.xml ---
[1.5.2] OrgName deve avere almeno 'it' e 'en' ❌
[1.5.5] OrgDisplayName deve avere almeno 'it' e 'en' ❌
[1.5.8] OrgURL deve avere almeno 'it' e 'en' ❌
/home/runner/work/spid-registry-repo/spid-registry-repo/scripts/validate_metadata_qad.py:84: CryptographyDeprecationWarning: Properties that return a naïve datetime object have been deprecated. Please switch to not_valid_after_utc.
  expiry = cert.not_valid_after.replace(tzinfo=timezone.utc)
[WARN] xmlsec1 non trovato, skip firma
--- ERRORI in metadata/udctu__03393760719.xml ---
[1.5.2] OrgName deve avere almeno 'it' e 'en' ❌
[1.5.5] OrgDisplayName deve avere almeno 'it' e 'en' ❌
[1.5.8] OrgURL deve avere almeno 'it' e 'en' ❌
/home/runner/work/spid-registry-repo/spid-registry-repo/scripts/validate_metadata_qad.py:84: CryptographyDeprecationWarning: Properties that return a naïve datetime object have been deprecated. Please switch to not_valid_after_utc.
  expiry = cert.not_valid_after.replace(tzinfo=timezone.utc)
[WARN] xmlsec1 non trovato, skip firma
--- ERRORI in metadata/udsg_ge.xml ---
[1.5.2] OrgName deve avere almeno 'it' e 'en' ❌
[1.5.5] OrgDisplayName deve avere almeno 'it' e 'en' ❌
[1.5.8] OrgURL deve avere almeno 'it' e 'en' ❌
/home/runner/work/spid-registry-repo/spid-registry-repo/scripts/validate_metadata_qad.py:84: CryptographyDeprecationWarning: Properties that return a naïve datetime object have been deprecated. Please switch to not_valid_after_utc.
  expiry = cert.not_valid_after.replace(tzinfo=timezone.utc)
[WARN] xmlsec1 non trovato, skip firma
--- ERRORI in metadata/umbaba__01850570746.xml ---
[1.5.2] OrgName deve avere almeno 'it' e 'en' ❌
[1.5.5] OrgDisplayName deve avere almeno 'it' e 'en' ❌
[1.5.8] OrgURL deve avere almeno 'it' e 'en' ❌
/home/runner/work/spid-registry-repo/spid-registry-repo/scripts/validate_metadata_qad.py:84: CryptographyDeprecationWarning: Properties that return a naïve datetime object have been deprecated. Please switch to not_valid_after_utc.
  expiry = cert.not_valid_after.replace(tzinfo=timezone.utc)
[WARN] xmlsec1 non trovato, skip firma
--- ERRORI in metadata/ump__03393760719.xml ---
[1.5.2] OrgName deve avere almeno 'it' e 'en' ❌
[1.5.5] OrgDisplayName deve avere almeno 'it' e 'en' ❌
[1.5.8] OrgURL deve avere almeno 'it' e 'en' ❌
